0,106.204.32.66,54.251.44.204,292,0.000000000,1.4328,0,
1,106.204.32.66,107.20.164.42,1462,1.434325000,2.1791,1,'http://data.mobclix.com/post/config?p=android&a=B2AA25CC-205D-44BD-A034-A70C8D0A5E26&m=2.1.2&v=1.0.2&d=353720058047180&dm=GT-I9300&dv=4.0.4&hwdm=m0&g=null&off=0&st=8433&it=0&mcc=404&mnc=10'::1.974186000
2,106.204.32.66,184.73.198.91,2607,3.623866000,3.7387,1,'http://ads.mobclix.com/?p=android&i=B2AA25CC-205D-44BD-A034-A70C8D0A5E26&s=320x50&av=1.0.2&u=353720058047180&andid=bdf850f1d7ee01ae&v=2.1.2&ct=null&l=en_GB&dt=GT-I9300&sv=4.0.4&ua=Mozilla%2F5.0+%28Linux%3B+U%3B+Android+4.0.4%3B+en-gb%3B+GT-I9300+Build%2FIMM76D%29+AppleWebKit%2F534.30+%28KHTML%2C+like+Gecko%29+Version%2F4.0+Mobile+Safari%2F534.30&o=0&ap=0'::4.622490000
3,106.204.32.66,204.236.220.251,1137,7.075478000,1.7567,1,'http://s.mobclix.com/imp?rid=8cc5008c0908497f8d0680f51f42bf29&aid=145975&pid=104507'::7.536255000
4,106.204.32.66,74.125.236.31,5488,9.115816000,3.5427,3,"'http://www.google.co.in/m/gne/suggest/v2?q=t&hl=en-GB&app=iss&appv=141338691&platform=android&gl=IN&sll=28.549040,77.187126&acc=699&pff=1&feeds=qs,ns'::9.296221000, 'http://www.google.co.in/m/gne/suggest/v2?q=ti&hl=en-GB&app=iss&appv=141338691&platform=android&gl=IN&sll=28.549040,77.187126&acc=699&pff=1&feeds=qs,ns'::10.176825000, 'http://www.google.co.in/m/gne/suggest/v2?q=tim&hl=en-GB&app=iss&appv=141338691&platform=android&gl=IN&sll=28.549040,77.187126&acc=699&pff=1&feeds=qs,ns'::11.142942000"
5,106.204.32.66,96.17.182.40,83313,11.558066000,17.4749,2,"'http://timesofindia.indiatimes.com/'::12.037246000, 'http://timesofindia.indiatimes.com/jquery_toi.cms'::20.896415000"
6,106.204.32.66,96.17.182.40,16933,14.337725000,8.9539,1,'http://timesofindia.indiatimes.com/default_b2_style_v15.cms?version=1'::18.623054000
7,106.204.32.66,96.17.182.40,8252,14.339460000,8.9521,1,'http://timesofindia.indiatimes.com/default_b2_glblnavcss_v6.cms?version=1'::18.623871000
8,106.204.32.66,96.17.182.40,3763,14.342028000,7.2473,1,'http://timesofindia.indiatimes.com/timestrendstopcommoncssnewv.cms?version=1'::18.624402000
9,106.204.32.66,96.17.182.40,4551,14.344050000,8.9477,1,'http://timesofindia.indiatimes.com/before_body_js.cms?version=11'::18.624914000
10,106.204.32.66,96.17.182.40,40892,15.049648000,13.9835,2,"'http://timesofindia.indiatimes.com/double_google_ads/msid-4719157,subid-0.cms'::18.713549000, 'http://timesofindia.indiatimes.com/after_body_js.cms?version=11'::20.897026000"
11,106.204.32.66,96.17.182.40,10510,15.054262000,8.4485,2,"'http://timesofindia.indiatimes.com/double_google_ads_call/msid-4719157,subid-0.cms'::18.713919000, 'http://timesofindia.indiatimes.com/tpoint_js_v12.cms?version=6'::20.873079000"
12,106.204.32.66,223.165.31.15,1525,20.884885000,1.7725,1,'http://ads.indiatimes.com/ads.dll/genptypead?slotid=3736'::21.166413000
13,106.204.32.66,223.165.31.12,2211,20.886566000,8.3362,1,'http://netspiderads3.indiatimes.com/ads.dll/getjsonad?slotid=1556'::21.182246000
14,106.204.32.66,223.165.31.19,2007,20.895801000,8.1458,1,'http://netspideradswc.indiatimes.com/ads.dll/getjsonad?slotid=205'::21.182634000
15,106.204.32.66,96.17.182.57,2759,21.063081000,8.1194,1,'http://static.rewards.indiatimes.com/js/lb.js'::21.573734000
16,106.204.32.66,96.17.182.57,720,21.120407000,8.1309,0,
17,106.204.32.66,223.165.31.15,540,21.130289000,8.1184,0,
18,106.204.32.66,223.165.31.12,540,21.133921000,7.8981,0,
19,106.204.32.66,223.165.31.19,416,21.139519000,7.5660,0,
20,106.204.32.66,96.17.182.65,3516,21.165688000,8.0165,1,'http://adscontent2.indiatimes.com/nsjsonrequest_v1.js'::21.584812000
21,106.204.32.66,96.17.182.58,4045,22.414014000,6.8373,2,"'http://b.scorecardresearch.com/beacon.js'::22.846105000, 'http://b.scorecardresearch.com/b?c1=2&c2=6036484&ns__t=1363071763118&ns_c=UTF-8&c8=The%20Times%20of%20India%3A%20Latest%20News%20India%2C%20World%20%26%20Business%20News%2C%20Cricket%20%26%20Sports%2C%20Bollywood&c7=http%3A%2F%2Ftimesofindia.indiatimes.com%2F&c9='::23.109658000"
22,106.204.32.66,74.125.236.25,15140,22.414529000,7.0672,1,'http://www.googletagservices.com/tag/js/gpt.js'::22.847647000
23,106.204.32.66,74.125.236.161,22177,22.414887000,12.5866,4,"'http://www.google-analytics.com/ga.js'::22.848405000, 'http://www.google-analytics.com/__utm.gif?utmwv=5.3.9&utms=6&utmn=1093071113&utmhn=timesofindia.indiatimes.com&utmcs=UTF-8&utmsr=720x1280&utmvp=980x1543&utmsc=32-bit&utmul=en-gb&utmje=0&utmfl=11.1%20r115&utmdt=The%20Times%20of%20India%3A%20Latest%20News%20India%2C%20World%20%26%20Business%20News%2C%20Cricket%20%26%20Sports%2C%20Bollywood&utmhid=1417065144&utmr=-&utmp=%2F&utmac=UA-198011-4&utmcc=__utma%3D1.1393963815.1362117100.1363030373.1363069364.3%3B%2B__utmz%3D1.1362117100.1.1.utmcsr%3D(direct)%7Cutmccn%3D(direct)%7Cutmcmd%3D(none)%3B&utmu=qh~'::23.723881000, 'http://www.google-analytics.com/__utm.gif?utmwv=5.3.9&utms=6&utmn=1093071113&utmhn=timesofindia.indiatimes.com&utmcs=UTF-8&utmsr=720x1280&utmvp=980x1543&utmsc=32-bit&utmul=en-gb&utmje=0&utmfl=11.1%20r115&utmdt=The%20Times%20of%20India%3A%20Latest%20News%20India%2C%20World%20%26%20Business%20News%2C%20Cricket%20%26%20Sports%2C%20Bollywood&utmhid=1417065144&utmr=-&utmp=%2F&utmac=UA-198011-4&utmcc=__utma%3D1.1393963815.1362117100.1363030373.1363069364.3%3B%2B__utmz%3D1.1362117100.1.1.utmcsr%3D(direct)%7Cutmccn%3D(direct)%7Cutmcmd%3D(none)%3B&utmu=qh~'::24.995850000, 'http://www.google-analytics.com/__utm.gif?utmwv=5.3.9&utms=6&utmn=1093071113&utmhn=timesofindia.indiatimes.com&utmcs=UTF-8&utmsr=720x1280&utmvp=980x1543&utmsc=32-bit&utmul=en-gb&utmje=0&utmfl=11.1%20r115&utmdt=The%20Times%20of%20India%3A%20Latest%20News%20India%2C%20World%20%26%20Business%20News%2C%20Cricket%20%26%20Sports%2C%20Bollywood&utmhid=1417065144&utmr=-&utmp=%2F&utmac=UA-198011-4&utmcc=__utma%3D1.1393963815.1362117100.1363030373.1363069364.3%3B%2B__utmz%3D1.1362117100.1.1.utmcsr%3D(direct)%7Cutmccn%3D(direct)%7Cutmcmd%3D(none)%3B&utmu=qh~'::27.550828000"
24,106.204.32.66,74.125.236.25,26784,23.506748000,11.5750,4,"'http://partner.googleadservices.com/gampad/google_ads_gpt.js'::23.632172000, 'http://partner.googleadservices.com/gampad/google_ads_gpt.js'::23.990873000, 'http://partner.googleadservices.com/gampad/google_ads_gpt.js'::24.710850000, 'http://partner.googleadservices.com/gampad/google_ads_gpt.js'::26.155814000"
25,106.204.32.66,74.125.236.25,720,23.551578000,5.7009,0,
26,106.204.32.66,96.17.182.40,55679,29.729777000,10.7237,2,"'http://timesofindia.indiatimes.com/photo/18904648.cms'::29.922308000, 'http://timesofindia.indiatimes.com/photo/5539187.cms'::35.268918000"
27,106.204.32.66,96.17.182.40,13418,29.734364000,10.0772,2,"'http://timesofindia.indiatimes.com/photo/5580816.cms'::30.032491000, 'http://timesofindia.indiatimes.com/photo.cms?msid=9649288'::30.695251000"
28,106.204.32.66,96.17.182.40,9275,29.736453000,7.6992,1,'http://timesofindia.indiatimes.com/thumb/18922425.cms?width=238&height=160'::30.043350000
29,106.204.32.66,96.17.182.40,1871,29.739834000,7.8928,1,'http://timesofindia.indiatimes.com/photo/4580293.cms'::30.046560000
30,106.204.32.66,96.17.182.40,12502,29.743756000,10.0680,2,"'http://timesofindia.indiatimes.com/photo/14649051.cms'::30.036248000, 'http://timesofindia.indiatimes.com/photo/16627036.cms'::30.755190000"
31,106.204.32.66,96.17.182.40,25448,29.744257000,11.9734,4,"'http://timesofindia.indiatimes.com/photo/13820331.cms'::30.036571000, 'http://timesofindia.indiatimes.com/photo/4467783.cms'::30.894024000, 'http://timesofindia.indiatimes.com/photo/9719649.cms'::35.267952000, 'http://timesofindia.indiatimes.com/photo/5711192.cms'::39.077227000"
32,106.204.32.66,96.17.182.40,4166,29.745656000,7.6874,1,'http://timesofindia.indiatimes.com/thumb/18913290.cms?width=77&height=50'::30.044334000
33,106.204.32.66,96.17.182.40,5634,29.748642000,7.6865,1,'http://timesofindia.indiatimes.com/photo/18922360.cms'::30.045681000
34,106.204.32.66,96.17.182.40,4687,29.749781000,7.6733,1,'http://timesofindia.indiatimes.com/thumb/18907237.cms?width=77&height=50'::30.044691000
35,106.204.32.66,96.17.182.40,3801,29.750931000,7.8824,1,'http://timesofindia.indiatimes.com/photo.cms?msid=1748421'::30.046833000
36,106.204.32.66,96.17.182.40,4532,29.752460000,7.6811,1,'http://timesofindia.indiatimes.com/photo/18924315.cms'::30.045368000
37,106.204.32.66,96.17.182.40,5438,29.753441000,7.6827,1,'http://timesofindia.indiatimes.com/photo/18922244.cms'::30.045974000
38,106.204.32.66,96.17.182.40,6315,29.754113000,7.6805,1,'http://timesofindia.indiatimes.com/photo/18922245.cms'::30.046250000
39,106.204.32.66,96.17.182.40,1859,29.754452000,7.8791,1,'http://timesofindia.indiatimes.com/photo/11350517.cms'::30.115351000
40,106.204.32.66,96.17.182.40,1859,29.754891000,7.8781,1,'http://timesofindia.indiatimes.com/photo/17489305.cms'::30.223672000
41,106.204.32.66,96.17.182.40,15721,29.755218000,10.6964,2,"'http://timesofindia.indiatimes.com/photo/18728895.cms'::30.224476000, 'http://timesofindia.indiatimes.com/photo/9783775.cms'::35.268534000"
42,106.204.32.66,96.17.182.40,7006,29.756834000,8.6569,1,'http://timesofindia.indiatimes.com/photo/17767460.cms'::30.225197000
43,106.204.32.66,96.17.182.40,18140,29.757203000,32.6350,5,"'http://timesofindia.indiatimes.com/photo/11964050.cms'::30.225586000, 'http://timesofindia.indiatimes.com/photo/4748680.cms'::35.270514000, 'http://timesofindia.indiatimes.com/photo/4583284.cms'::39.110216000, 'http://timesofindia.indiatimes.com/criminiflash.cms'::41.689616000, 'http://timesofindia.indiatimes.com/poll.cms'::42.502274000"
44,106.204.32.66,74.125.236.25,9532,29.922704000,8.8991,1,'http://pubads.g.doubleclick.net/gampad/ads?gdfp_req=1&correlator=756503524933632&output=json_html&callback=googletag.impl.pubads.setAdContentsBySlotForSync&impl=ss&json_a=1&eid=108809003&iu_parts=7176%2CTOI%2CTOI_Home%2CTOI_Home_Home%2CTOI_HP_ATF_300%2CTOI_HP_BTF_300%2CTOI_HP_BTF_2_300%2CTOI_HP_BTF_728%2CTOI_HP_OP_Innov1%2CTOI_HP_OP_Innov2%2CTOI_HP_OP_Inter%2CTOI_HP_OP_Pop%2CTOI_HP_OP_Shosh&enc_prev_ius=%2F0%2F1%2F2%2F3%2F4%2C%2F0%2F1%2F2%2F3%2F5%2C%2F0%2F1%2F2%2F3%2F6%2C%2F0%2F1%2F2%2F3%2F7%2C%2F0%2F1%2F2%2F3%2F8%2C%2F0%2F1%2F2%2F3%2F9%2C%2F0%2F1%2F2%2F3%2F10%2C%2F0%2F1%2F2%2F3%2F11%2C%2F0%2F1%2F2%2F3%2F12&prev_iu_szs=300x250%7C300x1050%2C300x250%2C300x250%2C728x90%7C1003x90%2C1x1%2C1x1%2C1x1%2C1x1%2C1x1&ists=31&prev_scp=L1%3D%26L2%3D%26L3%3D%26H1%3D%26ARC1%3D%26Hyp1%3D%7CL1%3D%26L2%3D%26L3%3D%26H1%3D%26ARC1%3D%26Hyp1%3D%7CL1%3D%26L2%3D%26L3%3D%26H1%3D%26ARC1%3D%26Hyp1%3D%7CL1%3D%26L2%3D%26L3%3D%26H1%3D%26ARC1%3D%26Hyp1%3D%7CL1%3D%26L2%3D%26L3%3D%26H1%3D%26ARC1%3D%26Hyp1%3D%7CL1%3D%26L2%3D%26L3%3D%26H1%3D%26ARC1%3D%26Hyp1%3D%7CL1%3D%26L2%3D%26L3%3D%26H1%3D%26ARC1%3D%26Hyp1%3D%7CL1%3D%26L2%3D%26L3%3D%26H1%3D%26ARC1%3D%26Hyp1%3D%7CL1%3D%26L2%3D%26L3%3D%26H1%3D%26ARC1%3D%26Hyp1%3D&cust_params=article%3D&cookie_enabled=1&lmt=1363051380&dt=1363071769718&biw=980&bih=1543&oid=3&gut=v2&ifi=1&u_tz=330&u_his=2&u_h=1280&u_w=720&u_ah=1280&u_aw=720&u_cd=32&u_nplug=1&u_nmime=2&u_sd=2&flash=11.1.115&url=http%3A%2F%2Ftimesofindia.indiatimes.com%2F&adks=2183620676%2C3382079902%2C3201633559%2C2461631983%2C2925889651%2C3177099842%2C1289472957%2C75062424%2C2018634876&vrg=16&vrp=16&ga_vid=1018607398.1363071770&ga_sid=1363071770&ga_hid=206981710'::30.424294000
45,106.204.32.66,74.125.236.25,580,29.957377000,5.1244,0,
46,106.204.32.66,74.125.236.79,6388,30.043692000,64.8021,0,
47,106.204.32.66,223.165.31.12,4070,35.262401000,7.2801,2,"'http://netspiderads3.indiatimes.com/ads.dll/getad?slotid=1203'::37.696520000, 'http://netspiderads3.indiatimes.com/ads.dll/getad?slotid=667'::39.092595000"
48,106.204.32.66,223.165.31.12,3638,35.266729000,7.2854,2,"'http://netspiderads3.indiatimes.com/ads.dll/getad?slotid=1202'::37.694411000, 'http://netspiderads3.indiatimes.com/ads.dll/getad?slotid=1591'::39.095346000"
49,106.204.32.66,223.165.31.12,416,35.514516000,5.3253,0,
50,106.204.32.66,74.125.236.27,1804,38.217031000,3.4707,1,'http://ad.doubleclick.net/N7176/adj/TOI/Google_Hangouts_TOI_HP_337x46;sz=337x46;ord=2105344908777624?'::38.734984000
51,106.204.32.66,96.17.182.74,21421,38.906024000,17.9747,2,"'http://adscontent3.indiatimes.com/photo/18832462.cms'::38.993477000, 'http://adscontent3.indiatimes.com/photo/18461639.cms'::39.714187000"
52,106.204.32.66,96.17.182.74,25899,38.906168000,17.9868,1,'http://adscontent3.indiatimes.com/photo/18750858.cms'::39.009913000
53,106.204.32.66,202.79.210.121,5508,39.568169000,0.9435,1,'http://bs.serving-sys.com/BurstingPipe/adServer.bs?cn=rsb&c=28&pli=6331049&PluID=0&w=300&h=250&ord=620900372&ucm=true&ncu=$$http://adclick.g.doubleclick.net/aclk?sa=L&ai=B9HfRINM-Uee2Iem5igeS14HQDtOemrMFAAAAEAEgi6SNJzgAWPPp9OJ3YOUCsgEbdGltZXNvZmluZGlhLmluZGlhdGltZXMuY29tugEJZ2ZwX2ltYWdlyAEJ2gEjaHR0cDovL3RpbWVzb2ZpbmRpYS5pbmRpYXRpbWVzLmNvbS-pAiPYUtrOy1M-wAIC4AIA6gIvLzcxNzYvVE9JL1RPSV9Ib21lL1RPSV9Ib21lX0hvbWUvVE9JX0hQX0FURl8zMDD4Av_RHoADAZADmgiYA5oIqAMB4AQBoAYW&num=0&sig=AOD64_2_e3QC-rPLqoQ62krLI5VRih_k2w&client=ca-pub-7652860482476689&adurl=$$'::39.818877000
54,106.204.32.66,96.17.182.74,424,39.665064000,2.3146,0,
55,106.204.32.66,74.125.236.25,55450,39.743148000,22.2995,2,"'http://pagead2.googlesyndication.com/pagead/osd.js'::39.963524000, 'http://pagead2.googlesyndication.com/pagead/imgad?id=CICAgIDQ0Yrm3gEQrAIY-gEyCCcDX36kLi5I'::41.992919000"
56,106.204.32.66,96.17.182.64,102701,40.456240000,21.7960,4,"'http://ds.serving-sys.com/BurstingCachedScripts//Ad_2_6_2_21/ebExpBanner.js'::40.524097000, 'http://ds.serving-sys.com/BurstingRes//Site-16555/Type-0/5dc55264-ee6d-4fda-ba49-7dc0ec85a311.jpg'::42.180471000, 'http://ds.serving-sys.com/BurstingRes//Site-16555/Type-0/5dc55264-ee6d-4fda-ba49-7dc0ec85a311.jpg'::42.450789000, 'http://ds.serving-sys.com/BurstingRes//Site-16555/Type-0/5dc55264-ee6d-4fda-ba49-7dc0ec85a311.jpg'::43.000797000"
57,106.204.32.66,96.17.182.40,3491,41.982321000,20.4099,1,'http://timesofindia.indiatimes.com/configspace/ads/TOI_home_top.html'::42.491720000
58,106.204.32.66,223.165.31.12,2189,41.983819000,20.4886,1,'http://netspiderads3.indiatimes.com/ads.dll/getad?slotid=160'::42.787291000
59,106.204.32.66,96.17.182.40,36051,41.984253000,28.9840,7,"'http://timesofindia.indiatimes.com/configspace/ads/TOIHP_Right.html'::42.492589000, 'http://timesofindia.indiatimes.com/photo/4884720.cms'::43.876805000, 'http://timesofindia.indiatimes.com/photo/4884720.cms'::53.950816000, 'http://timesofindia.indiatimes.com/photo/10857618.cms'::56.909963000, 'http://timesofindia.indiatimes.com/photo/5715878.cms'::64.544032000, 'http://timesofindia.indiatimes.com/latestnewstab/1221656.cms'::65.757454000, 'http://timesofindia.indiatimes.com/breakingnews/breakingnews.html'::65.863551000"
60,106.204.32.66,96.17.182.40,7337,41.985568000,37.5369,3,"'http://timesofindia.indiatimes.com/niftysensexhome1.cms'::42.491991000, 'http://timesofindia.indiatimes.com/photo/11790044.cms'::43.993070000, 'http://timesofindia.indiatimes.com/photo/11790044.cms'::54.030892000"
61,106.204.32.66,96.17.182.40,8869,41.986125000,20.9462,3,"'http://timesofindia.indiatimes.com/configspace/ads/toigoogleads.html'::42.492211000, 'http://timesofindia.indiatimes.com/photo/11961332.cms'::43.992682000, 'http://timesofindia.indiatimes.com/photo/11961332.cms'::54.030844000"
62,106.204.32.66,96.17.182.40,7925,42.005166000,20.4673,1,'http://timesofindia.indiatimes.com/tpoint_fans2.cms?type=toi'::42.492803000
63,106.204.32.66,223.165.25.20,11311,42.007698000,22.8453,2,"'http://netspiderads2.indiatimes.com/ads.dll/getad?slotid=36641'::42.789188000, 'http://netspiderads2.indiatimes.com/ads.dll/getad?slotid=36641'::44.455780000"
64,106.204.32.66,223.165.25.20,3790,42.008330000,19.2700,2,"'http://netspiderads2.indiatimes.com/ads.dll/getad?slotid=36441'::42.789398000, 'http://netspiderads2.indiatimes.com/ads.dll/getad?slotid=36441'::44.455826000"
65,106.204.32.66,96.17.182.40,8757,42.008856000,20.9628,3,"'http://timesofindia.indiatimes.com/tmoney.cms?msid=-2128958273'::42.788000000, 'http://timesofindia.indiatimes.com/configspace/xml/TOI-R2I-Thumbnail2.gif'::44.340328000, 'http://timesofindia.indiatimes.com/configspace/xml/TOI-R2I-Thumbnail2.gif'::54.470852000"
66,106.204.32.66,223.165.31.12,3041,42.019616000,20.9428,1,'http://netspiderads3.indiatimes.com/ads.dll/getad?slotid=679'::42.789586000
67,106.204.32.66,96.17.182.40,4161,42.022710000,20.8594,1,'http://timesofindia.indiatimes.com/photo/12502589.cms'::42.788228000
68,106.204.32.66,96.17.182.65,22099,42.035245000,22.5811,3,"'http://adscontent2.indiatimes.com/googletiladsense_stn_v13.js'::42.788422000, 'http://adscontent2.indiatimes.com/photo/18678217.cms'::46.072668000, 'http://adscontent2.indiatimes.com/photo/18678217.cms'::51.390817000"
69,106.204.32.66,74.125.236.25,30603,42.059975000,21.6413,3,"'http://pagead2.googlesyndication.com/pagead/show_ads.js'::42.788614000, 'http://pagead2.googlesyndication.com/pagead/js/r20130306/r20130206/show_ads_impl.js'::44.766695000, 'http://pagead2.googlesyndication.com/pagead/js/r20130306/r20130206/show_ads_impl.js'::52.590934000"
70,106.204.32.66,96.17.182.40,6162,42.063854000,20.8685,3,"'http://timesofindia.indiatimes.com/photo/17572538.cms'::42.788828000, 'http://timesofindia.indiatimes.com/photo/10857611.cms'::45.967403000, 'http://timesofindia.indiatimes.com/photo/10857611.cms'::56.310881000"
71,106.204.32.66,96.17.182.40,3716,42.122635000,18.7598,1,'http://timesofindia.indiatimes.com/photo/11339010.cms'::42.951512000
72,106.204.32.66,96.17.182.40,10061,42.178346000,22.4934,3,"'http://timesofindia.indiatimes.com/photo/11788630.cms'::42.951849000, 'http://timesofindia.indiatimes.com/photo/11788630.cms'::53.230913000, 'http://timesofindia.indiatimes.com/photo/10857613.cms'::55.509215000"
73,106.204.32.66,96.17.182.40,6773,42.178998000,22.4393,3,"'http://timesofindia.indiatimes.com/photo/4410559.cms'::42.952155000, 'http://timesofindia.indiatimes.com/photo/4410559.cms'::53.230993000, 'http://timesofindia.indiatimes.com/photo/10857615.cms'::55.508796000"
74,106.204.32.66,96.17.182.40,14363,42.179406000,23.0090,4,"'http://timesofindia.indiatimes.com/photo/11339279.cms'::42.950906000, 'http://timesofindia.indiatimes.com/shopadcode.cms'::46.301785000, 'http://timesofindia.indiatimes.com/shopadcode.cms'::56.630831000, 'http://timesofindia.indiatimes.com/photo/18593018.cms'::60.848093000"
75,106.204.32.66,96.17.182.40,740,42.179727000,20.0725,0,
76,106.204.32.66,74.125.236.25,119942,42.227615000,28.3404,4,"'http://pagead2.googlesyndication.com/pagead/imgad?id=CICAgIDQ0Yqa8wEQrAIY-gEyCKRmCc98UFba'::43.066695000, 'http://pagead2.googlesyndication.com/pagead/imgad?id=CICAgIDQ0Yqa8wEQrAIY-gEyCKRmCc98UFba'::50.830805000, 'http://pagead2.googlesyndication.com/simgad/74295047546619331'::63.858595000, 'http://pagead2.googlesyndication.com/simgad/5884277253539002210'::64.542372000"
77,106.204.32.66,223.165.25.20,664,42.489781000,18.7478,0,
78,106.204.32.66,223.165.31.12,540,42.490031000,19.9022,0,
79,106.204.32.66,96.17.182.65,6922,42.490265000,20.4283,2,"'http://adscontent2.indiatimes.com/googletiladsense_stn_v14.js'::43.529613000, 'http://adscontent2.indiatimes.com/googletiladsense_stn_v14.js'::48.750941000"
80,106.204.32.66,202.79.210.121,2625,42.786137000,20.1880,2,"'http://bs.serving-sys.com/BurstingPipe/adServer.bs?cn=int&iv=2&int=13010915~~0~~967725~~6877037141286013561^VsR~0~0~01020^ebAboveTheFold~0~0~01020&usercookie=u2=f5ca0fcb-4cb9-43e1-9b5b-cc139fb9cfcd&rnd=0.5685183312743902&flv=11.1115&res=0'::44.250282000, 'http://bs.serving-sys.com/BurstingPipe/adServer.bs?cn=int&iv=2&int=13010915~~0~~967725~~6877037141286013561^VsR~0~0~01020^ebAboveTheFold~0~0~01020&usercookie=u2=f5ca0fcb-4cb9-43e1-9b5b-cc139fb9cfcd&rnd=0.5685183312743902&flv=11.1115&res=0'::48.560849000"
81,106.204.32.66,202.79.210.121,652,43.037562000,19.9587,0,
82,106.204.32.66,96.17.182.57,2339,43.955223000,37.7885,1,'http://static.rewards.indiatimes.com/fns/daily/daily_TOI.json'::56.893699000
83,106.204.32.66,96.17.182.73,2346,44.248645000,37.5050,1,'http://card.cricket.timesofindia.indiatimes.com/cricketscorecard/swfobject.js'::56.921228000
84,106.204.32.66,96.17.182.57,1706,44.248954000,37.3381,0,
85,106.204.32.66,96.17.182.74,2330,44.284177000,37.4815,1,'http://adscontent3.indiatimes.com/photo/18922984.cms'::56.922099000
86,106.204.32.66,96.17.182.74,1706,44.535054000,37.0522,0,
87,106.204.32.66,69.171.229.21,824,51.191638000,9.7206,0,
88,106.204.32.66,96.17.182.40,568,55.576268000,9.0956,0,
89,106.204.32.66,192.150.16.64,1888,62.972389000,3.8128,1,'http://www.adobe.com/images/shared/download_buttons/get_flash_player.gif'::63.444842000
90,106.204.32.66,74.125.236.26,3218,63.123117000,2.6093,1,'http://googleads.g.doubleclick.net/pagead/ads?client=ca-timesofindia_site_js&output=js&num_ads=1&skip=2&channel=home_right1&ad_type=text&adtest=off&ea=0&color_line=ff0000&feedback_link=on&flash=11.1.115&url=http%3A%2F%2Ftimesofindia.indiatimes.com%2F&adsafe=high&dt=1363071796931&shv=r20130306&cbv=r20130206&saldr=1&correlator=1363071801812&frm=23&adk=511001906&ga_vid=1638542564.1363071802&ga_sid=1363071802&ga_hid=639176752&ga_fc=0&u_tz=330&u_his=2&u_java=0&u_h=1280&u_w=720&u_ah=1280&u_aw=720&u_cd=32&u_nplug=1&u_nmime=2&dff=sans-serif&dfs=16&biw=980&bih=1544&isw=300&ish=85&ifk=2296946616&oid=3&loc=http%3A%2F%2Ftimesofindia.indiatimes.com%2F&fu=4&ifi=1&dtd=4904'::63.190918000
91,106.204.32.66,74.125.236.26,3699,63.123291000,2.6852,1,'http://googleads.g.doubleclick.net/pagead/ads?client=ca-timesofindia_site_js&output=js&num_ads=2&channel=home&ad_type=text&adtest=off&ea=0&color_line=ff0000&feedback_link=on&flash=11.1.115&url=http%3A%2F%2Ftimesofindia.indiatimes.com%2F&adsafe=high&dt=1363071796941&shv=r20130306&cbv=r20130206&saldr=1&correlator=1363071801848&frm=23&adk=511001906&ga_vid=993655493.1363071802&ga_sid=1363071802&ga_hid=1259071959&ga_fc=0&u_tz=330&u_his=2&u_java=0&u_h=1280&u_w=720&u_ah=1280&u_aw=720&u_cd=32&u_nplug=1&u_nmime=2&dff=sans-serif&dfs=16&biw=980&bih=1544&isw=670&ish=82&ifk=1011271187&oid=3&loc=http%3A%2F%2Ftimesofindia.indiatimes.com%2F&fu=4&ifi=1&dtd=4934'::63.197081000
92,106.204.32.66,74.125.236.26,7028,63.123445000,7.8109,2,"'http://googleads.g.doubleclick.net/pagead/ads?client=ca-timesofindia_site_js&output=js&num_ads=2&channel=TOI_home_top&ad_type=text&adtest=off&ea=0&color_line=ff0000&feedback_link=on&flash=11.1.115&url=http%3A%2F%2Ftimesofindia.indiatimes.com%2F&adsafe=high&dt=1363071796952&shv=r20130306&cbv=r20130206&saldr=1&correlator=1363071801920&frm=23&adk=511001906&ga_vid=767461975.1363071802&ga_sid=1363071802&ga_hid=1307176186&ga_fc=0&u_tz=330&u_his=2&u_java=0&u_h=1280&u_w=720&u_ah=1280&u_aw=720&u_cd=32&u_nplug=1&u_nmime=2&dff=sans-serif&dfs=16&biw=980&bih=1544&isw=670&ish=90&ifk=2971393465&oid=3&loc=http%3A%2F%2Ftimesofindia.indiatimes.com%2F&fu=4&ifi=1&dtd=4995'::63.233817000, 'http://googleads.g.doubleclick.net/pagead/ads?client=ca-toi_site_js&output=js&image_size=728x90&num_ads=1&channel=TOI_ipads728&ad_type=text%2Cflash%2Cgif%2Chtml&adtest=off&ea=0&color_line=ff0000&feedback_link=on&flash=11.1.115&url=http%3A%2F%2Ftimesofindia.indiatimes.com&adsafe=high&dt=1363071803995&shv=r20130306&cbv=r20130206&saldr=1&correlator=1363071769729&frm=20&adk=124675284&ga_vid=1454644790.1363071802&ga_sid=1363071802&ga_hid=1417065144&ga_fc=0&u_tz=330&u_his=2&u_java=0&u_h=1280&u_w=720&u_ah=1280&u_aw=720&u_cd=32&u_nplug=1&u_nmime=2&dff=arial&dfs=16&biw=980&bih=1544&oid=3&loc=http%3A%2F%2Ftimesofindia.indiatimes.com%2F&fu=0&ifi=12&dtd=88'::64.057416000"
93,106.204.32.66,74.125.236.26,3354,63.123587000,2.7890,1,'http://googleads.g.doubleclick.net/pagead/ads?client=ca-timesofindia_site_js&output=js&image_size=300x250&lmt=1363051380&num_ads=3&channel=iPadTOI&ad_type=text%2Cflash%2Cgif%2Chtml&adtest=off&ea=0&color_line=ff0000&feedback_link=on&flash=11.1.115&url=http%3A%2F%2Ftimesofindia.indiatimes.com%2F&adsafe=high&dt=1363071784790&shv=r20130306&cbv=r20130206&saldr=1&correlator=1363071769729&frm=20&adk=2797183476&ga_vid=1454644790.1363071802&ga_sid=1363071802&ga_hid=1417065144&ga_fc=0&u_tz=330&u_his=2&u_java=0&u_h=1280&u_w=720&u_ah=1280&u_aw=720&u_cd=32&u_nplug=1&u_nmime=2&dff=arial&dfs=16&biw=980&bih=1544&oid=3&fu=0&ifi=11&dtd=M'::63.233118000
94,106.204.32.66,122.160.242.171,3676,64.261797000,6.6725,1,'http://wwwimages.adobe.com/www.adobe.com/images/shared/download_buttons/get_flash_player.gif'::64.462928000
95,106.204.32.66,122.160.242.171,788,64.327627000,6.3240,0,
96,106.204.32.66,223.165.25.20,1412,64.764985000,0.4465,1,'http://netspiderads2.indiatimes.com/ads.dll/genptypead?slotid=35823&srands=1363071804000&shtype=3'::64.878725000
97,106.204.32.66,96.17.182.48,7675,64.872950000,5.7591,1,'http://in-cdn.effectivemeasure.net/em.js'::65.008883000
98,106.204.32.66,96.17.182.48,492,64.939575000,5.6924,0,
99,106.204.32.66,223.165.25.20,2458,65.116011000,5.8515,1,'http://netspiderads2.indiatimes.com/ads.dll/getad?slotid=36300'::65.222994000
100,106.204.32.66,223.165.25.20,1536,65.129045000,0.3934,1,'http://netspiderads2.indiatimes.com/ads.dll/genjstypead?slotid=37500&zrandz=1363071805000&subtype=1'::65.226630000
101,106.204.32.66,96.17.182.74,4949,65.131065000,5.5010,1,'http://adscontent3.indiatimes.com/photo/17429675.cms'::65.206793000
102,106.204.32.66,98.124.156.54,2454,65.284840000,1.1464,1,'http://www9.effectivemeasure.net/v4/em_js?flag=0&v=&vt=&hl=&sv=0&pv=&pn=&p=aHR0cDovL3RpbWVzb2ZpbmRpYS5pbmRpYXRpbWVzLmNvbS8%3D&r=&f=1&ns=_em&rnd=0.6267441492527723&u=&sf=1&'::65.624783000
103,106.204.32.66,96.17.182.65,4585,65.434618000,5.5334,2,"'http://adscontent2.indiatimes.com/NS_Flash_v8.js'::65.492815000, 'http://adscontent2.indiatimes.com/photo/17924807.cms'::65.961782000"
104,106.204.32.66,98.124.156.54,424,65.531432000,5.5825,0,
105,106.204.32.66,96.17.182.40,5956,65.759726000,5.2081,2,"'http://timesofindia.indiatimes.com/horoscopeshow.cms?msid=121233212&contenttype=1&popup=1&arc=1&sunsign=1&timetype=1&astroid=1&B1=Go'::65.854326000, 'http://timesofindia.indiatimes.com/photo/6713473.cms'::65.985650000"
106,106.204.32.66,96.17.182.9,3623,65.858766000,5.1093,1,'http://www.speakingtree.in/cache/toi?feed=article&type=featured&limit=46&callback=sptree'::66.002564000
107,106.204.32.66,96.17.182.40,4311,65.864848000,5.1033,1,'http://timesofindia.indiatimes.com/photo/4156181.cms'::66.044900000
108,106.204.32.66,184.50.127.139,65822,65.915072000,5.0671,1,'http://connect.facebook.net/en_US/all.js'::66.091220000
109,106.204.32.66,96.17.182.74,2742,65.983693000,4.9845,1,'http://www.indiatimes.com/static_pages/indiatimes.json'::66.122413000
110,106.204.32.66,23.35.65.224,61018,66.003201000,7.5285,4,"'http://platform.twitter.com/widgets.js'::66.228898000, 'http://platform.twitter.com/widgets/follow_button.1362636220.html'::67.004236000, 'http://platform.twitter.com/widgets/follow_button.1362636220.html'::67.685807000, 'http://platform.twitter.com/widgets/follow_button.1362636220.html'::69.060821000"
111,106.204.32.66,96.17.182.40,424,66.027195000,4.9405,0,
112,106.204.32.66,69.171.224.44,13599,66.067690000,5.0462,1,'http://www.facebook.com/plugins/like.php?app_id=117787264903013&href=http%3A%2F%2Fwww.facebook.com%2FTimesofIndia&send=false&layout=button_count&width=450&show_faces=false&action=like&colorscheme=light&font=arial&height=21'::66.576745000
113,106.204.32.66,96.17.182.74,424,66.106343000,4.8612,0,
114,106.204.32.66,23.35.65.224,572,66.112460000,4.8696,0,
115,106.204.32.66,69.171.224.44,492,66.207540000,4.9046,0,
116,106.204.32.66,96.17.182.9,4046,66.469140000,4.4988,1,'http://images.speakingtree.iimg.in/files/rsz/fit_s_60x54/files/03-2013/1/8b0afd1575e9d58d35ce3efdef9947e0_1363063877.jpg'::66.576367000
117,106.204.32.66,96.17.182.9,912,66.500777000,4.7609,0,
118,106.204.32.66,96.17.182.65,7205,66.574997000,4.3932,1,'http://media.indiatimes.in/media/photogallery/2013/Mar/fotor0311180737_1363005534_100x75.jpg'::66.705953000
119,106.204.32.66,23.0.147.206,42650,70.642519000,6.5055,1,'http://m-static.ak.fbcdn.net/rsrc.php/v2/yk/r/soOgwgRZoLf.js'::71.114450000
120,106.204.32.66,23.0.147.206,2404,70.642711000,6.4191,1,'http://m-static.ak.fbcdn.net/rsrc.php/v2/yh/r/1dQf_ATK831.png'::71.114783000
121,106.204.32.66,184.50.114.110,16138,70.642874000,3.0187,0,
122,106.204.32.66,96.17.182.65,12328,70.652366000,6.4519,1,'http://static.ak.facebook.com/connect/xd_arbiter.php?version=19'::70.969017000
123,106.204.32.66,23.35.65.224,2014,71.312901000,5.8353,1,'http://p.twitter.com/f.gif?_=1363071807026&id=twitter-widget-0&lang=en&screen_name=timesofindia&show_count=false&show_screen_name=true&size=m&twttr_variant=2.0&twttr_referrer=http%3A%2F%2Ftimesofindia.indiatimes.com%2F&twttr_widget=1&twttr_hask=0&twttr_li=0&twttr_pid='::71.390203000
124,106.204.32.66,199.59.150.43,7052,71.313121000,23.8039,0,
125,106.204.32.66,199.59.150.43,572,71.419854000,5.9858,0,
126,106.204.32.66,74.125.128.188,679,73.821623000,0.0001,0,
127,106.204.32.66,69.171.224.44,6359,81.666123000,13.4512,0,
128,106.204.32.66,96.17.182.65,4278,81.796490000,2.5514,1,'http://timesofindia.indiatimes.com/icons/toifavicon.ico'::81.878195000
129,106.204.32.66,96.17.182.74,4956,81.821288000,6.2111,1,'http://static.chartbeat.com/js/chartbeat.js'::81.894134000
130,106.204.32.66,69.171.224.44,492,81.916855000,6.3057,0,
131,106.204.32.66,23.21.185.247,1620,82.719337000,1.5625,1,'http://ping.chartbeat.net/ping?h=timesofindia.indiatimes.com&p=%2F&u=vk800d077p41x8m0&d=timesofindia.indiatimes.com&g=10538&g0=Home%20Page&n=0&f=1&c=0&x=13&y=5212&w=1713&j=45&R=1&W=0&I=0&E=0&r=&b=60473&t=c5du97gbkvsi1c4q&V=8&i=The%20Times%20of%20India%3A%20Latest%20News%20India%2C%20World%20%26%20Business%20News%2C%20Cricket%20%26%20Sports%2C%20Bollywood&_'::83.094114000
132,106.204.32.66,23.21.185.247,560,82.895974000,5.3265,0,
133,106.204.32.66,96.17.182.65,8773,87.082258000,5.6225,2,"'http://timesofindia.indiatimes.com/thumb/5261288.cms?width=81&height=53'::88.033131000, 'http://timesofindia.indiatimes.com/photo/18923192.cms'::88.173718000"
134,106.204.32.66,96.17.182.65,8339,87.120920000,5.6017,2,"'http://timesofindia.indiatimes.com/thumb/18923976.cms?width=81&height=53'::88.033603000, 'http://timesofindia.indiatimes.com/photo/4764250.cms'::88.194972000"
135,106.204.32.66,96.17.182.65,9333,87.121665000,5.6209,2,"'http://timesofindia.indiatimes.com/thumb/18911758.cms?width=81&height=53'::88.035297000, 'http://timesofindia.indiatimes.com/photo/18922627.cms'::88.223665000"
136,106.204.32.66,96.17.182.65,4181,87.123685000,3.3031,1,'http://timesofindia.indiatimes.com/thumb/16294627.cms?width=81&height=53'::88.035624000
137,106.204.32.66,96.17.182.65,4461,87.129068000,5.3836,1,'http://timesofindia.indiatimes.com/thumb/18911641.cms?width=81&height=53'::88.036313000
138,106.204.32.66,96.17.182.65,5409,87.133118000,5.3693,1,'http://timesofindia.indiatimes.com/thumb/18921402.cms?width=81&height=53'::88.036027000
139,106.204.32.66,96.17.182.65,5208,87.133970000,5.4296,1,'http://timesofindia.indiatimes.com/thumb/18905072.cms?width=88&height=65'::88.038147000
140,106.204.32.66,96.17.182.65,4518,87.135155000,5.3893,1,'http://timesofindia.indiatimes.com/thumb/18876109.cms?width=81&height=53'::88.036635000
141,106.204.32.66,96.17.182.65,5399,87.137556000,5.4049,1,'http://timesofindia.indiatimes.com/thumb/18922524.cms?width=88&height=65'::88.037008000
142,106.204.32.66,96.17.182.65,4896,87.138537000,5.4361,1,'http://timesofindia.indiatimes.com/thumb/18902975.cms?width=88&height=65'::88.038812000
143,106.204.32.66,96.17.182.65,5299,87.139537000,5.4532,1,'http://timesofindia.indiatimes.com/thumb/18911111.cms?width=88&height=65'::88.039281000
144,106.204.32.66,96.17.182.65,5586,87.140448000,5.4741,1,'http://timesofindia.indiatimes.com/thumb/18907002.cms?width=88&height=65'::88.041343000
145,106.204.32.66,96.17.182.65,4945,87.140968000,5.4594,1,'http://timesofindia.indiatimes.com/thumb/18908168.cms?width=88&height=65'::88.040195000
146,106.204.32.66,96.17.182.65,3982,87.141524000,5.4970,1,'http://timesofindia.indiatimes.com/thumb/18909052.cms?width=81&height=53'::88.046025000
147,106.204.32.66,96.17.182.65,3945,87.142483000,5.5100,1,'http://timesofindia.indiatimes.com/thumb/18880454.cms?width=81&height=53'::88.046678000
148,106.204.32.66,96.17.182.65,5199,87.143378000,5.5193,1,'http://timesofindia.indiatimes.com/photo/18907958.cms'::88.047728000
149,106.204.32.66,96.17.182.65,3186,87.145072000,5.5494,1,'http://timesofindia.indiatimes.com/photo/4761631.cms'::88.049027000
150,106.204.32.66,96.17.182.65,3807,87.146993000,5.5356,1,'http://timesofindia.indiatimes.com/photo/18787418.cms'::88.048321000
151,106.204.32.66,96.17.182.27,22012,88.033831000,4.4027,2,"'http://static.gaana.com/images/albums/33/72333/crop_110x110_72333.jpg'::88.174549000, 'http://static.gaana.com/images/albums/33/72333/crop_110x110_72333.jpg'::88.600811000"
152,106.204.32.66,96.17.182.27,12919,88.033996000,4.4428,2,"'http://static.gaana.com/images/albums/28/72228/crop_110x110_72228.jpg'::88.197482000, 'http://static.gaana.com/images/albums/28/72228/crop_110x110_72228.jpg'::88.675940000"
153,106.204.32.66,96.17.182.27,18004,88.034138000,4.4183,2,"'http://static.gaana.com/images/albums/40/72240/crop_110x110_72240.jpg'::88.194159000, 'http://static.gaana.com/images/albums/40/72240/crop_110x110_72240.jpg'::88.670833000"
154,106.204.32.66,96.17.182.27,6783,88.034294000,4.4004,2,"'http://static.gaana.com/images/albums/47/72347/crop_110x110_72347.jpg'::88.198095000, 'http://static.gaana.com/images/albums/47/72347/crop_110x110_72347.jpg'::88.676012000"
155,106.204.32.66,96.17.182.27,16358,88.034454000,4.4521,2,"'http://static.gaana.com/images/albums/34/72134/crop_110x110_72134.jpg'::88.197817000, 'http://static.gaana.com/images/albums/34/72134/crop_110x110_72134.jpg'::88.675974000"
156,106.204.32.66,96.17.182.27,6565,88.034618000,4.3900,2,"'http://static.gaana.com/images/albums/85/72385/crop_110x110_72385.jpg'::88.196905000, 'http://static.gaana.com/images/albums/85/72385/crop_110x110_72385.jpg'::88.675852000"
157,106.204.32.66,202.79.210.121,1850,93.660767000,1.0257,1,'http://bs.serving-sys.com/BurstingPipe/adServer.bs?cn=int&iv=2&int=13010915~~0~~967725~~6877037141286013561^VsIAB~0~0~01020^ebAdDuration~52~0~01020^ebAboveTheFoldDuration~45~0~01020&usercookie=u2=f5ca0fcb-4cb9-43e1-9b5b-cc139fb9cfcd&rnd=0.06373926671221852&flv=11.1115&res=0'::93.899914000
