0,223.184.78.16,180.149.52.3,1021,0.000000000,3.9516,0,
1,223.184.78.16,180.149.52.3,204,3.633140000,0.2386,0,
2,223.184.78.16,63.116.58.122,2682,3.763406000,15.1117,1,'http://samsungvuiasr.vlingo.com/voicepad/activitylog'::4.501764000
3,223.184.78.16,223.165.25.18,1635,4.702820000,3.9534,1,'http://timesofindia.com/'::6.221960000
4,223.184.78.16,223.165.25.18,424,4.950476000,3.4460,0,
5,223.184.78.16,96.17.182.40,1412,6.457575000,2.6409,1,'http://www.timesofindia.com/'::6.505080000
6,223.184.78.16,96.17.182.40,122928,6.687690000,11.9889,5,"'http://timesofindia.indiatimes.com/'::6.740583000, 'http://timesofindia.indiatimes.com/css_min.cms?version=3'::7.196788000, 'http://timesofindia.indiatimes.com/after_body_js.cms?version=15'::7.366250000, 'http://timesofindia.indiatimes.com/photo/19928334.cms'::9.078285000, 'http://timesofindia.indiatimes.com/photo/19945047.cms'::9.306566000"
7,223.184.78.16,96.17.182.40,8004,7.037066000,11.6396,3,"'http://timesofindia.indiatimes.com/timestrendstopcommoncssnewv.cms?version=1'::7.202280000, 'http://timesofindia.indiatimes.com/photo/13820331.cms'::9.087091000, 'http://timesofindia.indiatimes.com/photo/4580293.cms'::9.437819000"
8,223.184.78.16,96.17.182.40,19199,7.037296000,11.6396,2,"'http://timesofindia.indiatimes.com/double_google_ads_call/msid-4719157,subid-0.cms'::7.201295000, 'http://timesofindia.indiatimes.com/thumb/19947334.cms?width=238&height=160'::9.098069000"
9,223.184.78.16,96.17.182.40,10522,7.043818000,11.6332,3,"'http://timesofindia.indiatimes.com/double_google_ads/msid-4719157,subid-0.cms'::7.200453000, 'http://timesofindia.indiatimes.com/thumb/19945617.cms?width=77&height=50'::9.099890000, 'http://timesofindia.indiatimes.com/photo.cms?msid=1748421'::9.526875000"
10,223.184.78.16,96.17.182.40,11099,7.044051000,11.6330,3,"'http://timesofindia.indiatimes.com/before_body_js.cms?version=11'::7.198544000, 'http://timesofindia.indiatimes.com/thumb/19948760.cms?width=77&height=50'::9.103555000, 'http://timesofindia.indiatimes.com/photo/11350517.cms'::9.542046000"
11,223.184.78.16,96.17.182.40,16669,7.174816000,11.5020,3,"'http://timesofindia.indiatimes.com/tpoint_js_v12.cms?version=6'::7.230139000, 'http://timesofindia.indiatimes.com/photo/14649051.cms'::9.084870000, 'http://timesofindia.indiatimes.com/photo/19913639.cms'::9.427506000"
12,223.184.78.16,96.17.182.40,14624,7.209281000,11.4679,2,"'http://timesofindia.indiatimes.com/photo/19943498.cms'::9.109546000, 'http://timesofindia.indiatimes.com/photo/17489305.cms'::9.646420000"
13,223.184.78.16,223.165.31.15,2170,7.211444000,0.7589,1,'http://ads.indiatimes.com/ads.dll/genptypead?slotid=3736'::7.580121000
14,223.184.78.16,223.165.31.12,2720,7.214322000,11.4521,1,'http://netspiderads3.indiatimes.com/ads.dll/getjsonad?slotid=1556'::7.580673000
15,223.184.78.16,96.17.182.40,19178,7.221490000,11.4559,2,"'http://timesofindia.indiatimes.com/photo/19943720.cms'::9.111098000, 'http://timesofindia.indiatimes.com/photo/18728895.cms'::9.697507000"
16,223.184.78.16,96.17.182.73,3736,7.246473000,11.5990,1,'http://static.rewards.indiatimes.com/js/lb.js'::7.579018000
17,223.184.78.16,96.17.182.73,868,7.428013000,11.2491,0,
18,223.184.78.16,223.165.31.15,416,7.460032000,11.2061,0,
19,223.184.78.16,223.165.31.12,416,7.462611000,11.2039,0,
20,223.184.78.16,96.17.182.66,3858,7.536926000,11.1186,1,'http://adscontent2.indiatimes.com/nsjsonrequest_v1.js'::7.761656000
21,223.184.78.16,74.125.135.95,37232,7.537237000,11.1390,1,'http://ajax.googleapis.com/ajax/libs/jquery/1.8.1/jquery.min.js'::7.769538000
22,223.184.78.16,96.17.182.66,4103,7.758878000,11.0880,2,"'http://b.scorecardresearch.com/beacon.js'::7.846523000, 'http://b.scorecardresearch.com/b?c1=2&c2=6036484&ns__t=1368008776460&ns_c=UTF-8&c8=The%20Times%20of%20India%3A%20Latest%20News%20India%2C%20World%20%26%20Business%20News%2C%20Cricket%20%26%20Sports%2C%20Bollywood&c7=http%3A%2F%2Ftimesofindia.indiatimes.com%2F&c9='::7.993659000"
23,223.184.78.16,173.194.36.77,16998,7.759893000,10.9067,1,'http://www.googletagservices.com/tag/js/gpt.js'::7.886042000
24,223.184.78.16,173.194.36.69,20665,7.760476000,10.9404,2,"'http://www.google-analytics.com/ga.js'::7.887380000, 'http://www.google-analytics.com/__utm.gif?utmwv=5.4.1&utms=3&utmn=1493497445&utmhn=timesofindia.indiatimes.com&utmcs=UTF-8&utmsr=720x1280&utmvp=340x423&utmsc=32-bit&utmul=en-gb&utmje=0&utmfl=-&utmdt=The%20Times%20of%20India%3A%20Latest%20News%20India%2C%20World%20%26%20Business%20News%2C%20Cricket%20%26%20Sports%2C%20Bollywood&utmhid=1534896894&utmr=-&utmp=%2F&utmht=1368008776990&utmac=UA-198011-4&utmcc=__utma%3D1.1623862784.1365488234.1367999787.1368008266.30%3B%2B__utmz%3D1.1365488234.1.1.utmcsr%3D(direct)%7Cutmccn%3D(direct)%7Cutmcmd%3D(none)%3B&utmu=qh~'::8.512304000"
25,223.184.78.16,173.194.36.69,868,7.778594000,10.9669,0,
26,223.184.78.16,96.17.182.66,684,7.779945000,11.0552,0,
27,223.184.78.16,173.194.36.77,424,7.795245000,10.8714,0,
28,223.184.78.16,173.194.36.90,24629,8.398852000,10.2682,1,'http://partner.googleadservices.com/gampad/google_ads_gpt.js'::8.487179000
29,223.184.78.16,173.194.36.122,14809,9.105367000,9.5721,1,'http://pubads.g.doubleclick.net/gampad/ads?gdfp_req=1&correlator=1240784337633280&output=json_html&callback=googletag.impl.pubads.setAdContentsBySlotForSync&impl=ss&json_a=1&eid=108809002&iu_parts=7176%2CTOI%2CTOI_Home%2CTOI_Home_Home%2CTOI_HP_ATF_300%2CTOI_HP_BTF_300%2CTOI_HP_BTF_2_300%2CTOI_HP_BTF_728%2CTOI_HP_OP_Innov1%2CTOI_HP_OP_Innov2%2CTOI_HP_OP_Inter%2CTOI_HP_OP_Pop%2CTOI_HP_OP_Shosh&enc_prev_ius=%2F0%2F1%2F2%2F3%2F4%2C%2F0%2F1%2F2%2F3%2F5%2C%2F0%2F1%2F2%2F3%2F6%2C%2F0%2F1%2F2%2F3%2F7%2C%2F0%2F1%2F2%2F3%2F8%2C%2F0%2F1%2F2%2F3%2F9%2C%2F0%2F1%2F2%2F3%2F10%2C%2F0%2F1%2F2%2F3%2F11%2C%2F0%2F1%2F2%2F3%2F12&prev_iu_szs=300x250%7C300x1050%2C300x250%2C300x250%2C728x90%7C1003x90%2C1x1%2C1x1%2C1x1%2C1x1%2C1x1&ists=31&prev_scp=L1%3D%26L2%3D%26L3%3D%26H1%3D%26ARC1%3D%26Hyp1%3D%7CL1%3D%26L2%3D%26L3%3D%26H1%3D%26ARC1%3D%26Hyp1%3D%7CL1%3D%26L2%3D%26L3%3D%26H1%3D%26ARC1%3D%26Hyp1%3D%7CL1%3D%26L2%3D%26L3%3D%26H1%3D%26ARC1%3D%26Hyp1%3D%7CL1%3D%26L2%3D%26L3%3D%26H1%3D%26ARC1%3D%26Hyp1%3D%7CL1%3D%26L2%3D%26L3%3D%26H1%3D%26ARC1%3D%26Hyp1%3D%7CL1%3D%26L2%3D%26L3%3D%26H1%3D%26ARC1%3D%26Hyp1%3D%7CL1%3D%26L2%3D%26L3%3D%26H1%3D%26ARC1%3D%26Hyp1%3D%7CL1%3D%26L2%3D%26L3%3D%26H1%3D%26ARC1%3D%26Hyp1%3D&cust_params=article%3D&cookie_enabled=1&lmt=1367988569&dt=1368008777436&biw=340&bih=423&oid=3&gut=v2&ifi=1&u_tz=330&u_his=15&u_h=1280&u_w=720&u_ah=1280&u_aw=720&u_cd=32&u_sd=2&flash=0&url=http%3A%2F%2Ftimesofindia.indiatimes.com%2F&adks=2183620676%2C3382079902%2C3201633559%2C2461631983%2C2925889651%2C3177099842%2C1289472957%2C75062424%2C2018634876&vrg=20&vrp=20&ga_vid=449295997.1368008777&ga_sid=1368008777&ga_hid=1073520702'::9.569098000
30,223.184.78.16,96.17.182.40,24338,9.115428000,15.3839,7,"'http://timesofindia.indiatimes.com/photo/11964050.cms'::9.699979000, 'http://timesofindia.indiatimes.com/photo/5539187.cms'::19.501374000, 'http://timesofindia.indiatimes.com/configspace/ads/TOI_home_top.html'::19.856859000, 'http://timesofindia.indiatimes.com/thumb.cms?msid=19949112&width=91&height=59'::20.366372000, 'http://timesofindia.indiatimes.com/configspace/ads/toigoogleads.html'::21.268725000, 'http://timesofindia.indiatimes.com/tmoney.cms?msid=-2128958273'::21.706342000, 'http://timesofindia.indiatimes.com/photo/12502589.cms'::21.874104000"
31,223.184.78.16,96.17.182.40,51348,9.115720000,15.3894,8,"'http://timesofindia.indiatimes.com/photo.cms?msid=9649288'::9.700664000, 'http://timesofindia.indiatimes.com/photo/9783775.cms'::19.500175000, 'http://timesofindia.indiatimes.com/photo/17663799.cms'::19.707909000, 'http://timesofindia.indiatimes.com/photo/19947985.cms?width=130&height=98'::20.368350000, 'http://timesofindia.indiatimes.com/shadiadcodenri.cms?section=homepage'::21.194767000, 'http://timesofindia.indiatimes.com/configspace/ads/TOIHP_Right.html'::21.366092000, 'http://timesofindia.indiatimes.com/poll.cms'::21.679267000, 'http://timesofindia.indiatimes.com/photo/17572538.cms'::21.876648000"
32,223.184.78.16,96.17.182.40,7027,9.115970000,10.4400,1,'http://timesofindia.indiatimes.com/photo/17767460.cms'::9.699075000
33,223.184.78.16,96.17.182.40,56511,9.123896000,29.6427,14,"'http://timesofindia.indiatimes.com/photo/4467783.cms'::9.707316000, 'http://timesofindia.indiatimes.com/photo/9719649.cms'::19.198328000, 'http://timesofindia.indiatimes.com/photo/4748680.cms'::19.558721000, 'http://timesofindia.indiatimes.com/photo/5711192.cms'::19.922963000, 'http://timesofindia.indiatimes.com/photo/4410559.cms'::21.894063000, 'http://timesofindia.indiatimes.com/shopadcode.cms'::22.595506000, 'http://timesofindia.indiatimes.com/photo/10857615.cms'::24.595852000, 'http://timesofindia.indiatimes.com/horoscopeshow.cms?msid=121233212&contenttype=1&popup=1&arc=1&sunsign=1&timetype=1&astroid=1&B1=Go'::27.009782000, 'http://timesofindia.indiatimes.com/photo/4156181.cms'::28.263189000, 'http://timesofindia.indiatimes.com/breakingnews/breakingnews.html'::29.607007000, 'http://timesofindia.indiatimes.com/photo/6713473.cms'::30.017709000, 'http://timesofindia.indiatimes.com/iplwidgetcss.cms?version=4'::30.955274000, 'http://timesofindia.indiatimes.com/thumb/9147805.cms?width=81&height=53'::31.856772000, 'http://timesofindia.indiatimes.com/photo/4761631.cms'::32.426429000"
34,223.184.78.16,96.17.182.40,424,9.124182000,9.5427,0,
35,223.184.78.16,96.17.182.40,97639,9.124426000,29.6410,13,"'http://timesofindia.indiatimes.com/photo/16627036.cms'::9.706491000, 'http://timesofindia.indiatimes.com/assemblyresult_karnataka.cms'::19.491858000, 'http://timesofindia.indiatimes.com/breakingnews/karnatakaepolling.htm'::19.652812000, 'http://timesofindia.indiatimes.com/photo/4583284.cms'::20.016908000, 'http://timesofindia.indiatimes.com/photo/11788630.cms'::21.892328000, 'http://timesofindia.indiatimes.com/configspace/xml/TOI-R2I-Thumbnail2.gif'::22.610830000, 'http://timesofindia.indiatimes.com/photo/10857611.cms'::24.569601000, 'http://timesofindia.indiatimes.com/photo/10857613.cms'::25.067550000, 'http://timesofindia.indiatimes.com/photo/5715878.cms'::25.947746000, 'http://timesofindia.indiatimes.com/latestnewstab/1221656.cms'::27.001371000, 'http://timesofindia.indiatimes.com/personalisation_reco.cms'::29.623276000, 'http://timesofindia.indiatimes.com/jquery_toi.cms'::30.966333000, 'http://timesofindia.indiatimes.com/photo/19949280.cms'::32.566246000"
36,223.184.78.16,96.17.182.40,424,9.124637000,9.5519,0,
37,223.184.78.16,96.17.182.40,424,9.124831000,9.5516,0,
38,223.184.78.16,96.17.182.40,424,9.127772000,9.5392,0,
39,223.184.78.16,96.17.182.40,424,9.128059000,9.5486,0,
40,223.184.78.16,173.194.36.111,8821,9.139046000,306.1673,0,
41,223.184.78.16,173.194.36.122,580,9.227413000,9.4489,0,
42,223.184.78.16,173.194.36.111,728,9.328248000,9.3492,0,
43,223.184.78.16,74.125.236.92,3199,18.678857000,3.3018,2,"'http://ad.doubleclick.net/N7176/adj/IPL2013_MKT/IPL2013_TOI_HP;sz=1003x33,980x30;ord=5150191402062774?'::18.898772000, 'http://ad.doubleclick.net/N7176/adj/TOI/Google_Hangouts_TOI_HP_337x46;sz=337x46;ord=5150191402062774?'::19.496797000"
44,223.184.78.16,223.165.31.12,2086,19.444799000,2.6156,1,'http://netspiderads3.indiatimes.com/ads.dll/getad?slotid=1203'::19.558202000
45,223.184.78.16,223.165.31.12,7552,19.451433000,5.0839,4,"'http://netspiderads3.indiatimes.com/ads.dll/getad?slotid=1202'::19.557745000, 'http://netspiderads3.indiatimes.com/ads.dll/getad?slotid=667'::19.851900000, 'http://netspiderads3.indiatimes.com/ads.dll/getad?slotid=160'::21.237885000, 'http://netspiderads3.indiatimes.com/ads.dll/getad?slotid=679'::21.694649000"
46,223.184.78.16,96.17.182.40,13197,19.504206000,5.0103,3,"'http://timesofindia.indiatimes.com/assemblywidget_karnataka.cms'::19.860813000, 'http://timesofindia.indiatimes.com/photo/19801235.cms'::20.364752000, 'http://timesofindia.indiatimes.com/photo/11339010.cms'::21.879614000"
47,223.184.78.16,96.17.182.40,11153,19.664102000,4.8412,3,"'http://timesofindia.indiatimes.com/thumb.cms?msid=19947334&width=77&height=51'::20.371336000, 'http://timesofindia.indiatimes.com/niftysensexhome1.cms'::21.256835000, 'http://timesofindia.indiatimes.com/photo/11339279.cms'::21.878167000"
48,223.184.78.16,223.165.25.20,3704,19.825607000,4.0106,2,"'http://netspiderads2.indiatimes.com/ads.dll/getad?slotid=38763'::20.086118000, 'http://netspiderads2.indiatimes.com/ads.dll/getad?slotid=38767'::21.197954000"
49,223.184.78.16,96.17.182.40,424,19.882006000,2.5134,0,
50,223.184.78.16,96.17.182.40,424,19.882272000,2.5130,0,
51,223.184.78.16,96.17.182.32,15144,19.920331000,3.3953,1,'http://ipl.indiatimes.com/interface/skins/default/images/loader.gif'::20.297955000
52,223.184.78.16,96.17.182.32,492,19.922494000,2.4757,0,
53,223.184.78.16,223.165.25.20,2111,20.076699000,3.7691,1,'http://netspiderads2.indiatimes.com/ads.dll/getad?slotid=36441'::21.233966000
54,223.184.78.16,96.17.182.66,19654,20.258234000,4.8574,2,"'http://adscontent2.indiatimes.com/googletiladsense_stn_v14.js'::20.537406000, 'http://adscontent2.indiatimes.com/photo/19031243.cms'::22.480030000"
55,223.184.78.16,202.79.210.121,5653,20.279601000,1.0847,1,'http://bs.serving-sys.com/BurstingPipe/adServer.bs?cn=rsb&c=28&pli=6951125&PluID=0&w=300&h=250&ord=524540027&ncu=$$http://adclick.g.doubleclick.net/aclk?sa=L&ai=B2i-jSyiKUZ6zGYLOigeGkoH4DMv_39QFAAAAEAEgi6SNJzgAWJOl1cl7YOXC5IOkDrIBG3RpbWVzb2ZpbmRpYS5pbmRpYXRpbWVzLmNvbboBCWdmcF9pbWFnZcgBCdoBI2h0dHA6Ly90aW1lc29maW5kaWEuaW5kaWF0aW1lcy5jb20vqQJFD-J6C9dTPsACAuACAOoCLy83MTc2L1RPSS9UT0lfSG9tZS9UT0lfSG9tZV9Ib21lL1RPSV9IUF9BVEZfMzAw-AL00R6AAwGQA5oImAOaCKgDAeAEAaAGFg&num=0&sig=AOD64_27KXm2_aG7IPlPTvitoe7Vc1voZg&client=ca-pub-7652860482476689&adurl=$$'::20.820085000
56,223.184.78.16,96.17.182.65,8714,20.436532000,4.5730,2,"'http://adscontent3.indiatimes.com/photo/19689106.cms'::21.040109000, 'http://adscontent3.indiatimes.com/NS_Flash_v8.js'::22.344281000"
57,223.184.78.16,96.17.182.65,7582,20.436984000,3.2999,1,'http://adscontent3.indiatimes.com/photo/17823394.cms'::21.038374000
58,223.184.78.16,173.194.36.89,31056,20.437439000,4.0980,2,"'http://pagead2.googlesyndication.com/pagead/show_ads.js'::21.046690000, 'http://pagead2.googlesyndication.com/pagead/js/r20130502/r20130206/show_ads_impl.js'::21.969545000"
59,223.184.78.16,173.194.36.89,9804,20.437814000,3.4079,1,'http://pagead2.googlesyndication.com/pagead/osd.js'::21.046296000
60,223.184.78.16,96.17.182.66,17959,20.508341000,4.4992,3,"'http://adscontent2.indiatimes.com/photo/19679178.cms'::21.040638000, 'http://adscontent2.indiatimes.com/googletiladsense_stn_v13.js'::21.870720000, 'http://adscontent2.indiatimes.com/photo/19722338.cms'::22.477561000"
61,223.184.78.16,96.17.182.65,424,21.066460000,2.6563,0,
62,223.184.78.16,96.17.182.50,22285,21.317222000,3.8773,1,'http://ds.serving-sys.com/BurstingRes///Site-16555/Type-0/56de0899-2d49-4bcf-b28b-9a987d5adca6.jpg'::21.504930000
63,223.184.78.16,96.17.182.50,424,21.399183000,2.3453,0,
64,223.184.78.16,74.125.236.13,3612,23.316673000,2.4999,1,'http://googleads.g.doubleclick.net/pagead/ads?client=ca-timesofindia_site_js&output=js&num_ads=1&skip=2&channel=home_right&ad_type=text&adtest=off&ea=0&color_line=ff0000&feedback_link=on&flash=0&url=http%3A%2F%2Ftimesofindia.indiatimes.com%2F&adsafe=high&dt=1368008790924&shv=r20130502&cbv=r20130206&saldr=sb&correlator=1368008791255&frm=23&adk=511001906&ga_vid=1247281841.1368008791&ga_sid=1368008791&ga_hid=725798603&ga_fc=0&u_tz=330&u_his=15&u_java=0&u_h=1280&u_w=720&u_ah=1280&u_aw=720&u_cd=32&u_nplug=0&u_nmime=0&dff=sans-serif&dfs=16&biw=340&bih=423&isw=300&ish=85&ifk=2296946616&eid=86860103&oid=3&loc=http%3A%2F%2Ftimesofindia.indiatimes.com%2F&fu=4&ifi=1&dtd=492'::23.397243000
65,223.184.78.16,74.125.236.13,7915,23.316862000,5.0591,3,"'http://googleads.g.doubleclick.net/pagead/ads?client=ca-timesofindia_site_js&output=js&image_size=300x250&lmt=1367988569&num_ads=1&channel=TOI_BTF_300&ad_type=text&adtest=off&ea=0&color_line=ff0000&feedback_link=on&flash=0&url=http%3A%2F%2Ftimesofindia.indiatimes.com%2F&adsafe=high&dt=1368008791086&shv=r20130502&cbv=r20130206&saldr=sb&correlator=1368008777439&frm=20&adk=3889902208&ga_vid=820315785.1368008792&ga_sid=1368008792&ga_hid=1534896894&ga_fc=0&u_tz=330&u_his=15&u_java=0&u_h=1280&u_w=720&u_ah=1280&u_aw=720&u_cd=32&u_nplug=0&u_nmime=0&dff=arial&dfs=16&biw=340&bih=423&eid=86860103&oid=3&fu=0&ifi=11&dtd=515'::23.418722000, 'http://googleads.g.doubleclick.net/pagead/ads?client=ca-timesofindia_site_js&output=js&lmt=1367988569&num_ads=1&channel=TOI_ATF_728&ad_type=text%2Cimage%2Cflash%2Chtml&adtest=off&ea=0&color_line=ff0000&feedback_link=on&flash=0&url=http%3A%2F%2Ftimesofindia.indiatimes.com%2F&adsafe=high&dt=1368008792734&shv=r20130502&cbv=r20130206&saldr=sb&correlator=1368008777439&frm=20&adk=2998382752&ga_vid=820315785.1368008792&ga_sid=1368008792&ga_hid=1534896894&ga_fc=0&u_tz=330&u_his=15&u_java=0&u_h=1280&u_w=720&u_ah=1280&u_aw=720&u_cd=32&u_nplug=0&u_nmime=0&dff=arial&dfs=16&biw=340&bih=423&eid=86860103&oid=3&fu=0&ifi=12&dtd=169'::24.423493000, 'http://googleads.g.doubleclick.net/pagead/ads?client=ca-timesofindia_site_js&output=js&lmt=1367988569&num_ads=1&channel=TOI_ATF_728&ad_type=text%2Cimage%2Cflash%2Chtml&adtest=off&ea=0&color_line=ff0000&feedback_link=on&flash=0&url=http%3A%2F%2Ftimesofindia.indiatimes.com%2F&adsafe=high&dt=1368008792734&shv=r20130502&cbv=r20130206&saldr=sb&correlator=1368008777439&frm=20&adk=2998382752&ga_vid=820315785.1368008792&ga_sid=1368008792&ga_hid=1534896894&ga_fc=0&u_tz=330&u_his=15&u_java=0&u_h=1280&u_w=720&u_ah=1280&u_aw=720&u_cd=32&u_nplug=0&u_nmime=0&dff=arial&dfs=16&biw=340&bih=423&eid=86860103&oid=3&fu=0&ifi=12&dtd=169'::24.789544000"
66,223.184.78.16,74.125.236.13,3719,23.317012000,2.6822,1,'http://googleads.g.doubleclick.net/pagead/ads?client=ca-timesofindia_site_js&output=js&num_ads=2&channel=home&ad_type=text&adtest=off&ea=0&color_line=ff0000&feedback_link=on&flash=0&url=http%3A%2F%2Ftimesofindia.indiatimes.com%2F&adsafe=high&dt=1368008790865&shv=r20130502&cbv=r20130206&saldr=sb&correlator=1368008791518&frm=23&adk=511001906&ga_vid=180976897.1368008792&ga_sid=1368008792&ga_hid=2020235677&ga_fc=0&u_tz=330&u_his=15&u_java=0&u_h=1280&u_w=720&u_ah=1280&u_aw=720&u_cd=32&u_nplug=0&u_nmime=0&dff=sans-serif&dfs=16&biw=340&bih=423&isw=670&ish=82&ifk=1011271187&eid=86860102&oid=3&loc=http%3A%2F%2Ftimesofindia.indiatimes.com%2F&fu=4&ifi=1&dtd=690'::23.417158000
67,223.184.78.16,74.125.236.13,3804,23.317156000,2.6953,1,'http://googleads.g.doubleclick.net/pagead/ads?client=ca-timesofindia_site_js&output=js&num_ads=2&channel=TOI_home_top&ad_type=text&adtest=off&ea=0&color_line=ff0000&feedback_link=on&flash=0&url=http%3A%2F%2Ftimesofindia.indiatimes.com%2F&adsafe=high&dt=1368008790419&shv=r20130502&cbv=r20130206&saldr=sb&correlator=1368008791433&frm=23&adk=511001906&ga_vid=1509637357.1368008791&ga_sid=1368008791&ga_hid=969499981&ga_fc=0&u_tz=330&u_his=15&u_java=0&u_h=1280&u_w=720&u_ah=1280&u_aw=720&u_cd=32&u_nplug=0&u_nmime=0&dff=sans-serif&dfs=16&biw=340&bih=423&isw=670&ish=90&ifk=2971393465&eid=86860102&oid=3&loc=http%3A%2F%2Ftimesofindia.indiatimes.com%2F&fu=4&ifi=1&dtd=1079'::23.416489000
68,223.184.78.16,173.194.36.122,5289,23.665686000,4.7395,1,'http://pubads.g.doubleclick.net/gampad/ads?gdfp_req=1&correlator=2792202894835712&output=json_html&callback=window.parent.googletag.impl.pubads.setAdContentsBySlotForAsync&impl=fifs&json_a=1&eid=108809002&iu_parts=7176%2CTOI%2CTOI_Home%2CTOI_Home_Slug%2CTOI_SLG_HP_RHS_BTF_300&enc_prev_ius=%2F0%2F1%2F2%2F3%2F4&prev_iu_szs=300x80&cookie=ID%3D0d4eb5fa7a618835%3AT%3D1368008779%3AS%3DALNI_MaDO4c41l4Q8lDWeYh61D3MvSZX_g&cdm=timesofindia.indiatimes.com&lmt=1367887032&dt=1368008792004&cc=100&ea=0&biw=-12245933&bih=-12245933&oid=3&gut=v2&ifi=1&ifk=3415297738&u_tz=330&u_his=15&u_h=1280&u_w=720&u_ah=1280&u_aw=720&u_cd=32&u_sd=2&flash=0&url=http%3A%2F%2Ftimesofindia.indiatimes.com%2F&ref=http%3A%2F%2Ftimesofindia.indiatimes.com%2F&adks=4281759372&vrg=20&vrp=20&ga_vid=1862286615.1368008792&ga_sid=1368008792&ga_hid=1317488430'::23.872283000
69,223.184.78.16,192.150.16.64,1786,25.066488000,3.6845,1,'http://www.adobe.com/images/shared/download_buttons/get_flash_player.gif'::25.602049000
70,223.184.78.16,96.17.182.40,424,25.132216000,3.1531,0,
71,223.184.78.16,96.17.182.48,7075,25.819945000,2.6034,1,'http://in-cdn.effectivemeasure.net/em.js'::25.865185000
72,223.184.78.16,223.165.25.20,1453,25.947328000,0.3431,1,'http://netspiderads2.indiatimes.com/ads.dll/genptypead?slotid=35823&srands=1368008794000&shtype=3'::26.058052000
73,223.184.78.16,223.165.25.20,2500,26.363395000,3.3417,1,'http://netspiderads2.indiatimes.com/ads.dll/getad?slotid=36300'::26.516010000
74,223.184.78.16,96.17.182.40,3313,26.516301000,3.1588,1,'http://wwwimages.adobe.com/www.adobe.com/images/shared/download_buttons/get_flash_player.gif'::26.663940000
75,223.184.78.16,96.17.182.40,424,26.602317000,3.0630,0,
76,223.184.78.16,98.124.156.54,2307,27.400197000,4.9368,1,'http://www9.effectivemeasure.net/v4/em_js?flag=0&v=&vt=&hl=&sv=0&pv=&pn=&p=aHR0cDovL3RpbWVzb2ZpbmRpYS5pbmRpYXRpbWVzLmNvbS8%3D&r=&f=0&ns=_em&rnd=0.7910958423744887&u=&sf=0&'::28.558323000
77,223.184.78.16,98.124.156.54,424,27.654320000,4.3211,0,
78,223.184.78.16,96.17.182.66,3057,28.268956000,3.9911,1,'http://adscontent2.indiatimes.com/NS_Flash_v8.js'::28.706776000
79,223.184.78.16,96.17.182.40,23791,29.635087000,9.1245,4,"'http://timesofindia.indiatimes.com/ipl2013widgethome.cms'::30.735620000, 'http://timesofindia.indiatimes.com/photo/11790044.cms'::31.373633000, 'http://timesofindia.indiatimes.com/thumb/9579724.cms?width=81&height=53'::32.073656000, 'http://timesofindia.indiatimes.com/photo/19556161.cms'::32.773838000"
80,223.184.78.16,96.17.182.40,51986,29.635366000,12.5397,6,"'http://timesofindia.indiatimes.com/tpoint_fans2.cms?type=toi'::30.736788000, 'http://timesofindia.indiatimes.com/photo/11961332.cms'::31.371196000, 'http://timesofindia.indiatimes.com/thumb/19948989.cms?width=81&height=53'::32.062125000, 'http://timesofindia.indiatimes.com/photo/19876907.cms'::32.717869000, 'http://timesofindia.indiatimes.com/photo/12530922.cms'::34.062028000, 'http://timesofindia.indiatimes.com/photo/18627811.cms'::37.891049000"
81,223.184.78.16,96.17.182.40,9530,29.639105000,7.3169,2,"'http://timesofindia.indiatimes.com/thumb/19930133.cms?width=81&height=53'::31.783449000, 'http://timesofindia.indiatimes.com/thumb/19948487.cms?width=81&height=53'::32.384763000"
82,223.184.78.16,23.35.34.127,5415,29.698075000,7.2779,1,'http://static.chartbeat.com/js/chartbeat.js'::30.750622000
83,223.184.78.16,96.17.182.9,3075,29.735913000,7.2407,1,'http://www.speakingtree.in/cache/toi?feed=article&type=featured&limit=46&callback=sptree'::30.751944000
84,223.184.78.16,23.35.34.127,424,29.833884000,5.4813,0,
85,223.184.78.16,96.17.182.9,616,29.855637000,7.1203,0,
86,223.184.78.16,184.50.127.139,64973,30.026461000,6.9503,1,'http://connect.facebook.net/en_US/all.js'::30.759361000
87,223.184.78.16,68.232.44.139,61166,30.046484000,9.8997,2,"'http://platform.twitter.com/widgets.js'::30.760799000, 'http://platform.twitter.com/widgets/follow_button.1367516458.html'::33.974307000"
88,223.184.78.16,31.13.79.17,8227,30.732706000,4.9035,1,'http://www.facebook.com/plugins/like.php?app_id=117787264903013&href=http%3A%2F%2Fwww.facebook.com%2FTimesofIndia&send=false&layout=button_count&width=450&show_faces=false&action=like&colorscheme=light&font=arial&height=21'::31.065598000
89,223.184.78.16,223.165.26.45,3151,30.972389000,3.0965,1,'http://crifeeds.timesofindia.indiatimes.com/GetCalender.json'::31.966294000
90,223.184.78.16,223.165.26.45,580,31.222088000,4.4139,0,
91,223.184.78.16,184.73.244.174,1979,31.532493000,5.2590,1,'http://ping.chartbeat.net/ping?h=timesofindia.indiatimes.com&p=%2F&u=s2yvnrbijufx8ed1&d=timesofindia.indiatimes.com&g=10538&g0=Home%20Page&n=0&f=14&c=0&x=355&y=5220&w=423&j=45&R=1&W=0&I=0&E=0&e=0&r=&b=22066&t=9t7fpl32aumrw4f9&V=11&D=p9lztpdyn4t4cx2q&i=The%20Times%20of%20India%3A%20Latest%20News%20India%2C%20World%20%26%20Business%20News%2C%20Cricket%20%26%20Sports%2C%20Bollywood&_'::32.335960000
92,223.184.78.16,184.73.244.174,492,31.784926000,5.5367,0,
93,223.184.78.16,96.17.182.40,5176,31.788388000,5.1677,1,'http://timesofindia.indiatimes.com/thumb/19929229.cms?width=81&height=53'::32.366825000
94,223.184.78.16,96.17.182.40,4809,31.788634000,5.1672,1,'http://timesofindia.indiatimes.com/thumb/19949278.cms?width=81&height=53'::32.397109000
95,223.184.78.16,96.17.182.40,4768,31.788803000,5.1673,1,'http://timesofindia.indiatimes.com/thumb/19943846.cms?width=88&height=65'::32.398292000
96,223.184.78.16,96.17.182.40,5348,31.794230000,5.1651,1,'http://timesofindia.indiatimes.com/thumb/19943767.cms?width=88&height=65'::32.399771000
97,223.184.78.16,96.17.182.40,4854,31.794534000,5.1617,1,'http://timesofindia.indiatimes.com/thumb/19878429.cms?width=81&height=53'::32.397668000
98,223.184.78.16,96.17.182.40,5255,31.794722000,5.1613,1,'http://timesofindia.indiatimes.com/thumb/19945097.cms?width=88&height=65'::32.398888000
99,223.184.78.16,96.17.182.40,4828,31.797925000,5.1583,1,'http://timesofindia.indiatimes.com/thumb/19946394.cms?width=88&height=65'::32.400341000
100,223.184.78.16,96.17.182.40,4879,31.798152000,5.1670,1,'http://timesofindia.indiatimes.com/thumb/19926078.cms?width=88&height=65'::32.400758000
101,223.184.78.16,96.17.182.40,5389,31.801767000,5.1577,1,'http://timesofindia.indiatimes.com/thumb/19944127.cms?width=88&height=65'::32.401760000
102,223.184.78.16,96.17.182.40,4260,31.801981000,5.1575,1,'http://timesofindia.indiatimes.com/thumb/19948876.cms?width=81&height=53'::32.402211000
103,223.184.78.16,96.17.182.40,4386,31.805014000,5.1714,1,'http://timesofindia.indiatimes.com/thumb/19942036.cms?width=81&height=53'::32.403653000
104,223.184.78.16,96.17.182.40,5034,31.805223000,5.1710,1,'http://timesofindia.indiatimes.com/photo/19933031.cms'::32.403231000
105,223.184.78.16,96.17.182.40,4186,31.808935000,5.1506,1,'http://timesofindia.indiatimes.com/photo/19944446.cms'::32.402768000
106,223.184.78.16,65.54.82.159,48615,31.856192000,7.0804,1,'http://ajax.aspnetcdn.com/ajax/jQuery/jquery-1.7.2.min.js'::32.578001000
107,223.184.78.16,96.17.182.65,1908,31.856434000,6.9015,1,'http://card.cricket.timesofindia.indiatimes.com/cricketscorecard/htmlscore/flvmapjson.html'::32.404148000
108,223.184.78.16,96.17.182.67,4459,31.977217000,6.7801,1,'http://static.rewards.indiatimes.com/fns/daily/daily_TOI.json'::32.578434000
109,223.184.78.16,96.17.182.32,8030,32.261421000,6.4973,1,'http://static.gaana.com/images/albums/32/106632/crop_110x110_106632.jpg'::32.776872000
110,223.184.78.16,96.17.182.32,6456,32.261863000,6.4963,1,'http://static.gaana.com/images/albums/46/106646/crop_110x110_106646.jpg'::32.777493000
111,223.184.78.16,96.17.182.32,8476,32.262228000,6.4962,1,'http://static.gaana.com/images/albums/53/108553/crop_110x110_108553.jpg'::32.776392000
112,223.184.78.16,96.17.182.32,8323,32.262476000,6.5902,1,'http://static.gaana.com/images/albums/20/93820/crop_110x110_93820.jpg'::32.779944000
113,223.184.78.16,96.17.182.32,5818,32.262721000,6.4964,1,'http://static.gaana.com/images/albums/50/95550/crop_110x110_95550.jpg'::32.779512000
114,223.184.78.16,96.17.182.32,17929,32.262970000,6.6734,1,'http://static.gaana.com/images/albums/16/72716/crop_110x110_72716.jpg'::32.778360000
115,223.184.78.16,23.0.131.206,47748,32.772851000,9.4229,1,'http://m-static.ak.fbcdn.net/rsrc.php/v2/ye/r/QUuHwa0yzTP.js'::34.316618000
116,223.184.78.16,23.0.131.206,2236,32.773115000,7.3958,1,'http://m-static.ak.fbcdn.net/rsrc.php/v2/yF/r/wtsky0Emo_J.png'::34.321814000
117,223.184.78.16,31.13.79.17,8149,35.513431000,12.3770,0,
118,223.184.78.16,96.17.182.67,3672,35.566100000,6.5287,1,'http://mytimes.indiatimes.com/image/thumb/12/3768'::36.977640000
119,223.184.78.16,96.17.182.67,4112,35.566413000,4.2987,1,'http://mytimes.indiatimes.com/image/thumb/3/1996649'::36.976633000
120,223.184.78.16,96.17.182.67,3351,35.566695000,6.5481,1,'http://mytimes.indiatimes.com/image/thumb/0/default'::36.978211000
121,223.184.78.16,96.17.182.67,3782,35.566941000,6.5801,1,'http://mytimes.indiatimes.com/image/thumb/3/2070203'::36.978677000
122,223.184.78.16,96.17.182.67,4181,35.567195000,6.5797,1,'http://mytimes.indiatimes.com/image/thumb/1/5177'::36.978446000
123,223.184.78.16,31.13.79.17,960,35.764063000,4.1718,0,
124,223.184.78.16,125.252.226.152,2816,36.792634000,5.4243,1,'http://www.indiatimes.com/static_pages/indiatimes.json'::37.275744000
125,223.184.78.16,184.50.114.110,17652,36.976893000,4.5261,0,
126,223.184.78.16,96.17.182.17,2898,36.977950000,4.9088,1,'http://images.speakingtree.iimg.in/files/rsz/fit_s_60x54/files/05-2013/1/924a0a0735e42d092b0e58756e7b40f0_1367385701.jpg'::37.763709000
127,223.184.78.16,23.35.33.224,1961,38.769453000,3.4384,1,'http://p.twitter.com/f.gif?_=1368008802450&id=twitter-widget-0&lang=en&screen_name=timesofindia&show_count=false&show_screen_name=true&size=m&twttr_variant=2.0&twttr_referrer=http%3A%2F%2Ftimesofindia.indiatimes.com%2F&twttr_widget=1&twttr_hask=0&twttr_li=0&twttr_pid=v3%3A1365706410881478607143060'::38.942800000
128,223.184.78.16,96.17.182.66,1814,38.937723000,2.9254,1,'http://card.cricket.timesofindia.indiatimes.com/cricketscorecard/htmlscore/getcalenderjson.html'::38.987584000
129,223.184.78.16,96.17.182.40,8216,38.938219000,3.1486,1,'http://media.indiatimes.in/media/photogallery/2013/May/946325_501694459878305_1784533185_n_1367993987_1367993994_100x75.jpg'::38.995793000
130,223.184.78.16,125.252.226.155,13069,40.689055000,3.2705,1,'http://static.ak.facebook.com/connect/xd_arbiter.php?version=24'::40.756887000
131,223.184.78.16,96.17.182.40,2027,42.268187000,3.5685,1,'http://timesofindia.indiatimes.com/breakingnews/breakingnews.html'::42.333221000
132,223.184.78.16,96.17.182.40,424,42.324837000,3.5118,0,
133,223.184.78.16,199.59.148.86,7495,42.337433000,33.0986,0,
134,223.184.78.16,125.252.226.155,13069,45.766689000,2.5019,1,'http://static.ak.facebook.com/connect/xd_arbiter.php?version=24'::45.871127000
135,223.184.78.16,184.73.244.174,1501,46.538390000,1.2501,1,'http://ping.chartbeat.net/ping?h=timesofindia.indiatimes.com&p=%2F&u=s2yvnrbijufx8ed1&d=timesofindia.indiatimes.com&g=10538&g0=Home%20Page&n=0&f=14&c=0.25&x=1367&y=5428&w=443&j=30&R=1&W=0&I=0&E=8&e=8&b=22066&t=9t7fpl32aumrw4f9&V=11&_'::46.966898000
136,223.184.78.16,184.73.244.174,492,46.782664000,3.8026,0,
137,223.184.78.16,63.116.58.122,2120,46.836116000,32.9127,1,'http://samsungvuiasr.vlingo.com/voicepad/lmtt'::47.177523000
138,223.184.78.16,184.173.179.36,576,48.633716000,1.9616,0,
139,223.184.78.16,74.125.128.188,2600,52.980383000,329.2600,0,
140,223.184.78.16,96.17.182.40,2855,54.599701000,2.3958,1,'http://timesofindia.indiatimes.com/breakingnews/breakingnews.html'::54.668010000
141,223.184.78.16,184.73.244.174,1502,61.537765000,2.2137,1,'http://ping.chartbeat.net/ping?h=timesofindia.indiatimes.com&p=%2F&u=s2yvnrbijufx8ed1&d=timesofindia.indiatimes.com&g=10538&g0=Home%20Page&n=0&f=14&c=0.5&x=3298&y=5428&w=443&j=30&R=1&W=0&I=0&E=23&e=15&b=22066&t=9t7fpl32aumrw4f9&V=11&_'::62.213124000
142,223.184.78.16,184.73.244.174,492,61.804643000,2.9415,0,
143,223.184.78.16,96.17.182.40,2787,68.121229000,2.4001,1,'http://timesofindia.indiatimes.com/breakingnews/breakingnews.html'::68.181408000
144,223.184.78.16,63.116.58.122,1984,68.248253000,5.6528,1,'http://samsungvuiasr.vlingo.com/voicepad/lmtt'::68.690448000
145,223.184.78.16,184.73.244.174,1502,76.555213000,1.8553,1,'http://ping.chartbeat.net/ping?h=timesofindia.indiatimes.com&p=%2F&u=s2yvnrbijufx8ed1&d=timesofindia.indiatimes.com&g=10538&g0=Home%20Page&n=0&f=14&c=0.75&x=3298&y=5428&w=443&j=30&R=1&W=0&I=0&E=28&e=5&b=22066&t=9t7fpl32aumrw4f9&V=11&_'::77.081047000
146,223.184.78.16,184.73.244.174,492,76.802523000,2.9089,0,
147,223.184.78.16,96.17.182.40,2855,80.403593000,4.6917,1,'http://timesofindia.indiatimes.com/breakingnews/breakingnews.html'::80.591767000
148,223.184.78.16,184.73.244.174,1499,91.551261000,2.3162,1,'http://ping.chartbeat.net/ping?h=timesofindia.indiatimes.com&p=%2F&u=s2yvnrbijufx8ed1&d=timesofindia.indiatimes.com&g=10538&g0=Home%20Page&n=0&f=14&c=1&x=3298&y=5428&w=443&j=45&R=0&W=0&I=1&E=28&e=0&b=22066&t=9t7fpl32aumrw4f9&V=11&_'::92.243874000
149,223.184.78.16,184.73.244.174,492,91.802945000,3.0435,0,
150,223.184.78.16,96.17.182.65,2855,95.079833000,2.3497,1,'http://timesofindia.indiatimes.com/breakingnews/breakingnews.html'::95.138622000
151,223.184.78.16,96.17.182.65,2855,109.859959000,2.3212,1,'http://timesofindia.indiatimes.com/breakingnews/breakingnews.html'::109.919466000
152,223.184.78.16,184.73.244.174,1501,121.581230000,6.2394,1,'http://ping.chartbeat.net/ping?h=timesofindia.indiatimes.com&p=%2F&u=s2yvnrbijufx8ed1&d=timesofindia.indiatimes.com&g=10538&g0=Home%20Page&n=0&f=14&c=1.5&x=3298&y=5428&w=443&j=60&R=0&W=0&I=1&E=28&e=0&b=22066&t=9t7fpl32aumrw4f9&V=11&_'::124.510400000
153,223.184.78.16,184.73.244.174,424,121.832439000,5.9883,0,
154,223.184.78.16,63.116.58.122,3267,121.966457000,27.4363,1,'http://samsungvuiasr.vlingo.com/voicepad/lmtt'::124.609613000
155,223.184.78.16,96.17.182.65,3047,124.435449000,29.7959,1,'http://timesofindia.indiatimes.com/breakingnews/breakingnews.html'::124.512984000
156,223.184.78.16,184.73.244.174,2277,136.569466000,38.7121,1,'http://ping.chartbeat.net/ping?h=timesofindia.indiatimes.com&p=%2F&u=s2yvnrbijufx8ed1&d=timesofindia.indiatimes.com&g=10538&g0=Home%20Page&n=0&f=14&c=1.75&x=441&y=5428&w=443&j=30&R=1&W=0&I=0&E=37&e=9&b=22066&t=9t7fpl32aumrw4f9&V=11&_'::149.608301000
157,223.184.78.16,184.73.244.174,2099,136.795862000,38.2100,1,'http://ping.chartbeat.net/ping?h=timesofindia.indiatimes.com&p=%2F&u=s2yvnrbijufx8ed1&d=timesofindia.indiatimes.com&g=10538&g0=Home%20Page&n=0&f=14&c=2&x=140&y=5428&w=443&j=30&R=1&W=0&I=0&E=50&e=13&b=22066&t=9t7fpl32aumrw4f9&V=11&_'::151.552855000
158,223.184.78.16,96.17.182.65,3475,137.381105000,37.6272,1,'http://timesofindia.indiatimes.com/breakingnews/breakingnews.html'::149.404341000
159,223.184.78.16,96.17.182.65,1044,137.630262000,23.0405,0,
160,223.184.78.16,180.149.52.3,1897,168.203778000,16.8515,0,
161,223.184.78.16,96.17.182.65,2831,175.077715000,9.9436,1,'http://timesofindia.indiatimes.com/breakingnews/breakingnews.html'::175.280874000
162,223.184.78.16,223.165.25.18,812,179.113141000,12.9470,0,
163,223.184.78.16,223.165.25.18,2287,179.363890000,19.0587,1,'http://timesofindia.com/'::185.112241000
164,223.184.78.16,96.17.182.40,1412,185.416103000,6.5912,1,'http://www.timesofindia.com/'::185.518768000
165,223.184.78.16,96.17.182.65,107109,186.016083000,35.0687,3,"'http://timesofindia.indiatimes.com/'::186.143739000, 'http://timesofindia.indiatimes.com/css_min.cms?version=3'::199.629292000, 'http://timesofindia.indiatimes.com/after_body_js.cms?version=15'::207.976728000"
166,223.184.78.16,96.17.182.65,4623,192.202172000,26.0244,1,'http://timesofindia.indiatimes.com/timestrendstopcommoncssnewv.cms?version=1'::200.280581000
167,223.184.78.16,96.17.182.65,3691,192.202576000,25.7443,1,"'http://timesofindia.indiatimes.com/double_google_ads_call/msid-4719157,subid-0.cms'::200.277329000"
168,223.184.78.16,96.17.182.65,5411,192.214651000,22.7704,1,'http://timesofindia.indiatimes.com/before_body_js.cms?version=11'::200.273190000
169,223.184.78.16,96.17.182.65,3301,192.218897000,37.2829,1,"'http://timesofindia.indiatimes.com/double_google_ads/msid-4719157,subid-0.cms'::200.275404000"
170,223.184.78.16,96.17.182.65,3490,192.328582000,37.2370,1,'http://timesofindia.indiatimes.com/tpoint_js_v12.cms?version=6'::200.282379000
171,223.184.78.16,125.252.226.154,3609,200.707956000,18.0370,1,'http://static.rewards.indiatimes.com/js/lb.js'::213.225949000
172,223.184.78.16,63.116.58.122,2364,201.177566000,20.9580,1,'http://samsungvuiasr.vlingo.com/voicepad/lmtt'::213.567434000
173,223.184.78.16,74.125.135.95,38176,201.360291000,20.0343,1,'http://ajax.googleapis.com/ajax/libs/jquery/1.8.1/jquery.min.js'::213.396706000
174,223.184.78.16,96.17.182.65,888,201.360612000,16.9016,0,
175,223.184.78.16,96.17.182.65,888,201.360807000,16.9237,0,
176,223.184.78.16,74.125.236.68,20532,217.958807000,7.6331,2,"'http://www.google-analytics.com/ga.js'::218.852437000, 'http://www.google-analytics.com/__utm.gif?utmwv=5.4.1&utms=4&utmn=130045693&utmhn=timesofindia.indiatimes.com&utmcs=UTF-8&utmsr=720x1280&utmvp=340x423&utmsc=32-bit&utmul=en-gb&utmje=0&utmfl=-&utmdt=The%20Times%20of%20India%3A%20Latest%20News%20India%2C%20World%20%26%20Business%20News%2C%20Cricket%20%26%20Sports%2C%20Bollywood&utmhid=1777198966&utmr=-&utmp=%2F&utmht=1368008990138&utmac=UA-198011-4&utmcc=__utma%3D1.1623862784.1365488234.1367999787.1368008266.30%3B%2B__utmz%3D1.1365488234.1.1.utmcsr%3D(direct)%7Cutmccn%3D(direct)%7Cutmcmd%3D(none)%3B&utmu=qh~'::221.660583000"
177,223.184.78.16,96.17.182.58,4067,218.225048000,7.2993,2,"'http://b.scorecardresearch.com/beacon.js'::218.846972000, 'http://b.scorecardresearch.com/b?c1=2&c2=6036484&ns__t=1368008989403&ns_c=UTF-8&c8=The%20Times%20of%20India%3A%20Latest%20News%20India%2C%20World%20%26%20Business%20News%2C%20Cricket%20%26%20Sports%2C%20Bollywood&c7=http%3A%2F%2Ftimesofindia.indiatimes.com%2F&c9='::220.929945000"
178,223.184.78.16,74.125.236.90,16070,218.227139000,5.2571,1,'http://www.googletagservices.com/tag/js/gpt.js'::218.979707000
179,223.184.78.16,96.17.182.40,13817,229.558538000,85.9202,4,"'http://timesofindia.indiatimes.com/photo/14649051.cms'::229.660215000, 'http://timesofindia.indiatimes.com/photo/4467783.cms'::229.943646000, 'http://timesofindia.indiatimes.com/photo/4467783.cms'::240.604575000, 'http://timesofindia.indiatimes.com/photo/4467783.cms'::262.004893000"
180,223.184.78.16,96.17.182.40,4824,229.558735000,87.0155,4,"'http://timesofindia.indiatimes.com/photo/19913639.cms'::229.665058000, 'http://timesofindia.indiatimes.com/photo/19913639.cms'::240.604635000, 'http://timesofindia.indiatimes.com/photo/19913639.cms'::262.484598000, 'http://timesofindia.indiatimes.com/photo/19913639.cms'::306.244671000"
181,223.184.78.16,96.17.182.40,33192,229.558876000,85.9195,4,"'http://timesofindia.indiatimes.com/photo/19928334.cms'::229.658851000, 'http://timesofindia.indiatimes.com/photo/16627036.cms'::229.927262000, 'http://timesofindia.indiatimes.com/photo/16627036.cms'::240.604492000, 'http://timesofindia.indiatimes.com/photo/16627036.cms'::262.004692000"
182,223.184.78.16,96.17.182.40,14593,229.558996000,94.2783,4,"'http://timesofindia.indiatimes.com/thumb/19948760.cms?width=77&height=50'::229.663076000, 'http://timesofindia.indiatimes.com/photo/9783775.cms'::236.265514000, 'http://timesofindia.indiatimes.com/photo/9783775.cms'::249.724648000, 'http://timesofindia.indiatimes.com/photo/9783775.cms'::276.644786000"
183,223.184.78.16,96.17.182.40,16256,229.559111000,93.7276,4,"'http://timesofindia.indiatimes.com/thumb/19945617.cms?width=77&height=50'::229.662659000, 'http://timesofindia.indiatimes.com/photo/9719649.cms'::234.786861000, 'http://timesofindia.indiatimes.com/photo/9719649.cms'::246.564690000, 'http://timesofindia.indiatimes.com/photo/9719649.cms'::270.164511000"
184,223.184.78.16,96.17.182.40,15814,229.559261000,91.1691,4,"'http://timesofindia.indiatimes.com/photo/13820331.cms'::229.660630000, 'http://timesofindia.indiatimes.com/assemblyresult_karnataka.cms'::231.317968000, 'http://timesofindia.indiatimes.com/assemblyresult_karnataka.cms'::242.164613000, 'http://timesofindia.indiatimes.com/assemblyresult_karnataka.cms'::263.844589000"
185,223.184.78.16,96.17.182.40,18344,229.559454000,86.7762,5,"'http://timesofindia.indiatimes.com/photo/19945047.cms'::229.664278000, 'http://timesofindia.indiatimes.com/photo/19945047.cms'::240.604607000, 'http://timesofindia.indiatimes.com/configspace/ads/TOI_home_top.html'::241.820380000, 'http://timesofindia.indiatimes.com/configspace/ads/TOI_home_top.html'::261.444763000, 'http://timesofindia.indiatimes.com/configspace/ads/TOI_home_top.html'::300.644492000"
186,223.184.78.16,96.17.182.40,4820,229.559625000,87.1466,4,"'http://timesofindia.indiatimes.com/photo/4580293.cms'::229.665477000, 'http://timesofindia.indiatimes.com/photo/4580293.cms'::240.604663000, 'http://timesofindia.indiatimes.com/photo/4580293.cms'::262.484709000, 'http://timesofindia.indiatimes.com/photo/4580293.cms'::306.244885000"
187,223.184.78.16,96.17.182.40,20600,229.559770000,90.9073,4,"'http://timesofindia.indiatimes.com/photo/19943498.cms'::229.663476000, 'http://timesofindia.indiatimes.com/photo/5539187.cms'::238.418010000, 'http://timesofindia.indiatimes.com/photo/5539187.cms'::254.164513000, 'http://timesofindia.indiatimes.com/photo/5539187.cms'::285.764667000"
188,223.184.78.16,96.17.182.40,30906,229.559921000,98.4304,5,"'http://timesofindia.indiatimes.com/thumb/19947334.cms?width=238&height=160'::229.661007000, 'http://timesofindia.indiatimes.com/photo/4583284.cms'::291.620097000, 'http://timesofindia.indiatimes.com/photo/4583284.cms'::302.644740000, 'http://timesofindia.indiatimes.com/horoscopeshow.cms?msid=121233212&contenttype=1&popup=1&arc=1&sunsign=1&timetype=1&astroid=1&B1=Go'::315.424840000, 'http://timesofindia.indiatimes.com/photo/4156181.cms'::323.979102000"
189,223.184.78.16,96.17.182.40,4840,229.560088000,87.2744,4,"'http://timesofindia.indiatimes.com/photo.cms?msid=1748421'::229.665885000, 'http://timesofindia.indiatimes.com/photo.cms?msid=1748421'::240.604690000, 'http://timesofindia.indiatimes.com/photo.cms?msid=1748421'::262.484768000, 'http://timesofindia.indiatimes.com/photo.cms?msid=1748421'::306.245012000"
190,223.184.78.16,96.17.182.40,20778,229.560213000,129.6333,5,"'http://timesofindia.indiatimes.com/photo/19943720.cms'::229.663860000, 'http://timesofindia.indiatimes.com/photo/4748680.cms'::239.457199000, 'http://timesofindia.indiatimes.com/photo/4748680.cms'::256.484586000, 'http://timesofindia.indiatimes.com/photo/4748680.cms'::290.564664000, 'http://timesofindia.indiatimes.com/photo/4748680.cms'::358.564501000"
191,223.184.78.16,96.17.182.40,4274,229.560341000,87.5959,4,"'http://timesofindia.indiatimes.com/photo/17489305.cms'::229.666678000, 'http://timesofindia.indiatimes.com/photo/17489305.cms'::240.604744000, 'http://timesofindia.indiatimes.com/photo/17489305.cms'::262.484881000, 'http://timesofindia.indiatimes.com/photo/17489305.cms'::306.245257000"
192,223.184.78.16,96.17.182.40,4262,229.560482000,89.5670,4,"'http://timesofindia.indiatimes.com/photo/11964050.cms'::229.668220000, 'http://timesofindia.indiatimes.com/photo/11964050.cms'::240.604826000, 'http://timesofindia.indiatimes.com/photo/11964050.cms'::262.485049000, 'http://timesofindia.indiatimes.com/photo/11964050.cms'::306.245600000"
193,223.184.78.16,96.17.182.40,4274,229.560617000,87.9457,4,"'http://timesofindia.indiatimes.com/photo/18728895.cms'::229.667399000, 'http://timesofindia.indiatimes.com/photo/18728895.cms'::240.604771000, 'http://timesofindia.indiatimes.com/photo/18728895.cms'::262.484939000, 'http://timesofindia.indiatimes.com/photo/18728895.cms'::306.245376000"
194,223.184.78.16,96.17.182.40,4262,229.560734000,88.9658,4,"'http://timesofindia.indiatimes.com/photo/17767460.cms'::229.667833000, 'http://timesofindia.indiatimes.com/photo/17767460.cms'::240.604797000, 'http://timesofindia.indiatimes.com/photo/17767460.cms'::262.484994000, 'http://timesofindia.indiatimes.com/photo/17767460.cms'::306.245491000"
195,223.184.78.16,96.17.182.40,4824,229.560867000,87.4336,4,"'http://timesofindia.indiatimes.com/photo/11350517.cms'::229.666300000, 'http://timesofindia.indiatimes.com/photo/11350517.cms'::240.604717000, 'http://timesofindia.indiatimes.com/photo/11350517.cms'::262.484826000, 'http://timesofindia.indiatimes.com/photo/11350517.cms'::306.245133000"
196,223.184.78.16,96.17.182.40,3071,229.560988000,85.8335,3,"'http://timesofindia.indiatimes.com/photo.cms?msid=9649288'::229.669192000, 'http://timesofindia.indiatimes.com/photo.cms?msid=9649288'::240.604852000, 'http://timesofindia.indiatimes.com/photo.cms?msid=9649288'::262.485104000"
197,223.184.78.16,31.13.79.1,219,239.735225000,60.7966,0,
198,223.184.78.16,31.13.79.1,219,239.756594000,60.7953,0,
199,223.184.78.16,63.116.58.122,3298,270.216893000,65.8007,1,'http://samsungvuiasr.vlingo.com/voicepad/lmtt'::314.793520000
200,223.184.78.16,96.17.182.65,208,319.917466000,4.1809,0,
201,223.184.78.16,96.17.182.65,208,319.917923000,4.1801,0,
202,223.184.78.16,96.17.182.65,208,319.918330000,4.1802,0,
203,223.184.78.16,96.17.182.65,208,319.918729000,4.1797,0,
204,223.184.78.16,96.17.182.65,208,319.919117000,4.1892,0,
205,223.184.78.16,96.17.182.65,208,319.920846000,4.1893,0,
206,223.184.78.16,96.17.182.65,208,319.921523000,4.1966,0,
207,223.184.78.16,96.17.182.65,208,319.921954000,4.1981,0,
208,223.184.78.16,96.17.182.65,656,319.922155000,7.8668,0,
209,223.184.78.16,96.17.182.65,656,319.922334000,8.0570,0,
210,223.184.78.16,96.17.182.65,656,319.922496000,8.0573,0,
211,223.184.78.16,96.17.182.65,656,319.922663000,8.0576,0,
212,223.184.78.16,96.17.182.65,656,319.922829000,8.0596,0,
213,223.184.78.16,96.17.182.65,656,319.922978000,8.0582,0,
214,223.184.78.16,96.17.182.65,656,319.923130000,8.0576,0,
215,223.184.78.16,23.35.66.127,6671,324.168455000,3.8211,1,'http://static.chartbeat.com/js/chartbeat.js'::324.514811000
216,223.184.78.16,184.50.127.139,64837,324.179535000,8.5781,1,'http://connect.facebook.net/en_US/all.js'::324.524826000
217,223.184.78.16,125.252.226.152,2426,324.181372000,3.8113,1,'http://www.indiatimes.com/static_pages/indiatimes.json'::324.509623000
218,223.184.78.16,31.13.79.17,8126,324.200280000,5.7478,1,'http://www.facebook.com/plugins/like.php?app_id=117787264903013&href=http%3A%2F%2Fwww.facebook.com%2FTimesofIndia&send=false&layout=button_count&width=450&show_faces=false&action=like&colorscheme=light&font=arial&height=21'::324.590747000
219,223.184.78.16,23.35.65.224,61561,324.203458000,8.5617,3,"'http://platform.twitter.com/widgets.js'::324.566780000, 'http://platform.twitter.com/widgets.js'::325.659536000, 'http://platform.twitter.com/widgets/follow_button.1367516458.html'::328.241656000"
220,223.184.78.16,96.17.182.40,424,324.204156000,3.7873,0,
221,223.184.78.16,96.17.182.40,424,324.204796000,3.7871,0,
222,223.184.78.16,96.17.182.40,424,324.205344000,3.7856,0,
223,223.184.78.16,96.17.182.40,424,324.205880000,3.7864,0,
224,223.184.78.16,96.17.182.65,8216,326.995808000,5.7615,1,'http://media.indiatimes.in/media/photogallery/2013/May/946325_501694459878305_1784533185_n_1367993987_1367993994_100x75.jpg'::327.967739000
225,223.184.78.16,184.73.248.106,1652,327.012184000,2.1558,1,'http://ping.chartbeat.net/ping?h=timesofindia.indiatimes.com&p=%2F&u=s2yvnrbijufx8ed1&d=timesofindia.indiatimes.com&g=10538&g0=Home%20Page&n=0&f=14&c=0&x=278&y=4826&w=423&j=45&R=1&W=0&I=0&E=0&e=0&r=&b=106584&t=q2tf222bgxoarbi5&V=11&D=9t7fpl32aumrw4f9&i=The%20Times%20of%20India%3A%20Latest%20News%20India%2C%20World%20%26%20Business%20News%2C%20Cricket%20%26%20Sports%2C%20Bollywood&_'::328.140228000
226,223.184.78.16,23.0.147.206,46663,327.995618000,5.0641,1,'http://m-static.ak.fbcdn.net/rsrc.php/v2/ye/r/QUuHwa0yzTP.js'::328.621459000
227,223.184.78.16,23.0.147.206,2080,327.996434000,5.0629,1,'http://m-static.ak.fbcdn.net/rsrc.php/v2/yF/r/wtsky0Emo_J.png'::328.621862000
228,223.184.78.16,31.13.79.17,7833,329.834524000,10.1877,0,
229,223.184.78.16,23.35.33.224,2446,329.909155000,4.6194,1,'http://p.twitter.com/f.gif?_=1368009096717&id=twitter-widget-0&lang=en&screen_name=timesofindia&show_count=false&show_screen_name=true&size=m&twttr_variant=2.0&twttr_referrer=http%3A%2F%2Ftimesofindia.indiatimes.com%2F&twttr_widget=1&twttr_hask=0&twttr_li=0&twttr_pid=v3%3A1365706410881478607143060'::330.019002000
230,223.184.78.16,199.59.150.12,7836,329.929189000,43.2635,0,
231,223.184.78.16,96.17.182.65,13069,329.960918000,4.6400,1,'http://static.ak.facebook.com/connect/xd_arbiter.php?version=24'::330.048840000
232,223.184.78.16,122.252.138.110,18440,329.978929000,4.6591,0,
233,223.184.78.16,199.59.150.12,424,330.033454000,4.8372,0,
234,223.184.78.16,63.116.58.122,3383,334.871317000,7.1000,1,'http://samsungvuiasr.vlingo.com/voicepad/activitylog'::335.222154000
235,223.184.78.16,63.116.58.122,3347,337.142900000,17.2336,1,'http://samsungvuiasr.vlingo.com/voicepad/lmtt'::341.974137000
236,223.184.78.16,96.17.182.10,13069,342.910187000,2.3933,1,'http://static.ak.facebook.com/connect/xd_arbiter.php?version=24'::342.991095000
237,219.157.76.20,223.184.78.16,112,349.336289000,0.0004,0,
238,223.184.78.16,184.73.248.106,1156,355.273245000,5.9071,1,'http://ping.chartbeat.net/ping?h=timesofindia.indiatimes.com&p=%2F&u=s2yvnrbijufx8ed1&d=timesofindia.indiatimes.com&g=10538&g0=Home%20Page&n=0&f=14&c=0.5&x=381&y=4826&w=443&j=60&R=0&W=0&I=1&E=0&e=0&b=106584&t=q2tf222bgxoarbi5&V=11&_'::356.591623000
239,223.184.78.16,184.73.248.106,492,355.525637000,3.9293,0,
240,223.184.78.16,96.17.182.65,8338,358.642174000,17.0514,2,"'http://timesofindia.indiatimes.com/thumb/19930133.cms?width=81&height=53'::359.194242000, 'http://timesofindia.indiatimes.com/photo/4761631.cms'::362.904968000"
241,223.184.78.16,96.17.182.65,14138,358.642320000,17.0514,2,"'http://timesofindia.indiatimes.com/thumb/9147805.cms?width=81&height=53'::359.194853000, 'http://timesofindia.indiatimes.com/photo/19949280.cms'::364.015367000"
242,223.184.78.16,96.17.182.65,14075,358.642439000,17.0524,2,"'http://timesofindia.indiatimes.com/thumb/9579724.cms?width=81&height=53'::359.205797000, 'http://timesofindia.indiatimes.com/photo/19556161.cms'::364.704657000"
243,223.184.78.16,96.17.182.65,6572,358.642556000,13.9682,2,"'http://timesofindia.indiatimes.com/thumb/19948989.cms?width=81&height=53'::359.203497000, 'http://timesofindia.indiatimes.com/photo/19876907.cms'::364.386314000"
244,223.184.78.16,96.17.182.65,6416,358.642667000,14.9927,1,'http://timesofindia.indiatimes.com/thumb/19948487.cms?width=81&height=53'::359.216837000
245,223.184.78.16,96.17.182.65,5926,358.642778000,14.3082,1,'http://timesofindia.indiatimes.com/thumb/19929229.cms?width=81&height=53'::359.212940000
246,223.184.78.16,96.17.182.65,5559,358.642888000,14.9598,1,'http://timesofindia.indiatimes.com/thumb/19949278.cms?width=81&height=53'::359.223237000
247,223.184.78.16,96.17.182.65,5604,358.643001000,14.9696,1,'http://timesofindia.indiatimes.com/thumb/19878429.cms?width=81&height=53'::359.232963000
248,223.184.78.16,96.17.182.65,5518,358.643112000,14.9924,1,'http://timesofindia.indiatimes.com/thumb/19943846.cms?width=88&height=65'::359.243383000
249,223.184.78.16,96.17.182.65,6005,358.643220000,14.9923,1,'http://timesofindia.indiatimes.com/thumb/19945097.cms?width=88&height=65'::359.379318000
250,223.184.78.16,96.17.182.65,5942,358.643333000,14.9923,1,'http://timesofindia.indiatimes.com/thumb/19943767.cms?width=88&height=65'::360.311139000
251,223.184.78.16,96.17.182.65,5422,358.643440000,15.0193,1,'http://timesofindia.indiatimes.com/thumb/19946394.cms?width=88&height=65'::361.135171000
252,223.184.78.16,96.17.182.65,5473,358.643553000,15.0294,1,'http://timesofindia.indiatimes.com/thumb/19926078.cms?width=88&height=65'::361.136305000
253,223.184.78.16,96.17.182.65,5983,358.643662000,15.7878,1,'http://timesofindia.indiatimes.com/thumb/19944127.cms?width=88&height=65'::361.137141000
254,223.184.78.16,96.17.182.65,5010,358.643771000,15.7878,1,'http://timesofindia.indiatimes.com/thumb/19948876.cms?width=81&height=53'::361.137805000
255,223.184.78.16,96.17.182.65,4780,358.643879000,15.7878,1,'http://timesofindia.indiatimes.com/photo/19944446.cms'::361.138366000
256,223.184.78.16,96.17.182.65,5628,358.644001000,15.7877,1,'http://timesofindia.indiatimes.com/photo/19933031.cms'::361.141998000
257,223.184.78.16,96.17.182.65,5136,358.644119000,15.7987,1,'http://timesofindia.indiatimes.com/thumb/19942036.cms?width=81&height=53'::361.173425000
258,223.184.78.16,96.17.182.27,7711,359.042705000,14.6900,2,"'http://static.gaana.com/images/albums/53/108553/crop_110x110_108553.jpg'::361.205381000, 'http://static.gaana.com/images/albums/53/108553/crop_110x110_108553.jpg'::367.724554000"
259,223.184.78.16,96.17.182.27,7265,359.042879000,15.3883,2,"'http://static.gaana.com/images/albums/32/106632/crop_110x110_106632.jpg'::361.225244000, 'http://static.gaana.com/images/albums/32/106632/crop_110x110_106632.jpg'::367.804554000"
260,223.184.78.16,96.17.182.27,5691,359.043003000,15.3884,2,"'http://static.gaana.com/images/albums/46/106646/crop_110x110_106646.jpg'::361.245336000, 'http://static.gaana.com/images/albums/46/106646/crop_110x110_106646.jpg'::367.884503000"
261,223.184.78.16,96.17.182.27,17162,359.043121000,16.6506,2,"'http://static.gaana.com/images/albums/16/72716/crop_110x110_72716.jpg'::361.252829000, 'http://static.gaana.com/images/albums/16/72716/crop_110x110_72716.jpg'::367.884582000"
262,223.184.78.16,96.17.182.27,5051,359.043240000,16.6316,2,"'http://static.gaana.com/images/albums/50/95550/crop_110x110_95550.jpg'::361.526235000, 'http://static.gaana.com/images/albums/50/95550/crop_110x110_95550.jpg'::369.004509000"
263,223.184.78.16,96.17.182.27,7556,359.043354000,16.6608,2,"'http://static.gaana.com/images/albums/20/93820/crop_110x110_93820.jpg'::361.526740000, 'http://static.gaana.com/images/albums/20/93820/crop_110x110_93820.jpg'::369.004590000"
264,223.184.78.16,184.73.248.106,1871,370.272995000,5.7724,1,'http://ping.chartbeat.net/ping?h=timesofindia.indiatimes.com&p=%2F&u=s2yvnrbijufx8ed1&d=timesofindia.indiatimes.com&g=10538&g0=Home%20Page&n=0&f=14&c=0.75&x=3503&y=4826&w=443&j=30&R=1&W=0&I=0&E=15&e=15&r=&b=106584&t=q2tf222bgxoarbi5&V=11&i=The%20Times%20of%20India%3A%20Latest%20News%20India%2C%20World%20%26%20Business%20News%2C%20Cricket%20%26%20Sports%2C%20Bollywood&_'::373.923339000
265,223.184.78.16,184.73.248.106,724,370.523429000,7.1727,0,
266,223.184.78.16,184.73.248.106,1568,385.268441000,2.5169,1,'http://ping.chartbeat.net/ping?h=timesofindia.indiatimes.com&p=%2F&u=s2yvnrbijufx8ed1&d=timesofindia.indiatimes.com&g=10538&g0=Home%20Page&n=0&f=14&c=1&x=129&y=4826&w=443&j=30&R=1&W=0&I=0&E=30&e=15&b=106584&t=q2tf222bgxoarbi5&V=11&_'::386.971414000
267,223.184.78.16,184.73.248.106,492,385.519002000,4.2964,0,
