0,110.225.91.4,96.17.182.40,45054,0.000000000,3.2666,1,'http://timesofindia.indiatimes.com/'::0.000000000
1,110.225.91.4,223.165.25.205,56,2.710502000,-0.0000,0,
2,110.225.91.4,96.17.182.40,21376,2.809158000,0.6278,2,"'http://timesofindia.indiatimes.com/css_min.cms?version=3'::2.809158000, 'http://timesofindia.indiatimes.com/photo/17489305.cms'::3.021425000"
3,110.225.91.4,96.17.182.65,28326,2.813553000,0.6236,3,"'http://timesofindia.indiatimes.com/before_body_js.cms?version=11'::2.886582000, 'http://timesofindia.indiatimes.com/thumb/19801984.cms?width=238&height=160'::2.995830000, 'http://timesofindia.indiatimes.com/photo/18728895.cms'::3.209321000"
4,110.225.91.4,96.17.182.65,14838,2.817272000,0.6218,3,"'http://timesofindia.indiatimes.com/double_google_ads/msid-4719157,subid-0.cms'::2.886923000, 'http://timesofindia.indiatimes.com/thumb/19798362.cms?width=77&height=50'::2.996396000, 'http://timesofindia.indiatimes.com/photo/16627036.cms'::3.220114000"
5,110.225.91.4,96.17.182.65,13791,2.821001000,0.6167,3,"'http://timesofindia.indiatimes.com/double_google_ads_call/msid-4719157,subid-0.cms'::2.887205000, 'http://timesofindia.indiatimes.com/photo/19801070.cms'::3.004604000, 'http://timesofindia.indiatimes.com/photo/17767460.cms'::3.211535000"
6,110.225.91.4,96.17.182.65,57311,2.887931000,17.6716,5,"'http://timesofindia.indiatimes.com/photo/5580816.cms'::2.990947000, 'http://timesofindia.indiatimes.com/defaultinterstitial.cms'::3.270915000, 'http://timesofindia.indiatimes.com/photo.cms?msid=2419189'::4.134051000, 'http://timesofindia.indiatimes.com/'::19.155492000, 'http://timesofindia.indiatimes.com/photo/11350517.cms'::19.939292000"
7,110.225.91.4,96.17.182.65,34176,2.888150000,17.6713,3,"'http://timesofindia.indiatimes.com/thumb/19799347.cms?width=77&height=50'::2.999347000, 'http://timesofindia.indiatimes.com/css_min.cms?version=3'::19.408581000, 'http://timesofindia.indiatimes.com/photo/16627036.cms'::19.977117000"
8,110.225.91.4,96.17.182.65,109415,2.899149000,104.1483,16,"'http://timesofindia.indiatimes.com/photo/14649051.cms'::2.991439000, 'http://timesofindia.indiatimes.com/double_google_ads/msid-4719157,subid-0.cms'::19.416128000, 'http://timesofindia.indiatimes.com/photo/19801705.cms'::19.849571000, 'http://timesofindia.indiatimes.com/photo/14649051.cms'::22.233598000, 'http://timesofindia.indiatimes.com/thumb/19798362.cms?width=77&height=50'::25.309256000, 'http://timesofindia.indiatimes.com/photo/17572538.cms'::26.572887000, 'http://timesofindia.indiatimes.com/configspace/xml/TOI-R2I-Thumbnail2.gif'::27.409253000, 'http://timesofindia.indiatimes.com/photo/19801235.cms'::28.233468000, 'http://timesofindia.indiatimes.com/shopadcode.cms'::28.341613000, 'http://timesofindia.indiatimes.com/photo/9719649.cms'::28.824841000, 'http://timesofindia.indiatimes.com/tpoint_fans2.cms?type=toi'::31.419140000, 'http://timesofindia.indiatimes.com/jquery_toi.cms'::35.237018000, 'http://timesofindia.indiatimes.com/photo/11790044.cms'::36.358266000, 'http://timesofindia.indiatimes.com/thumb/19799138.cms?width=81&height=53'::104.348810000, 'http://timesofindia.indiatimes.com/thumb/19799138.cms?width=81&height=53'::106.417495000, 'http://timesofindia.indiatimes.com/thumb/19800253.cms?width=88&height=65'::106.882779000"
9,110.225.91.4,96.17.182.65,60859,2.905544000,22.7647,6,"'http://timesofindia.indiatimes.com/photo/13820331.cms'::2.991892000, 'http://timesofindia.indiatimes.com/before_body_js.cms?version=11'::19.412194000, 'http://timesofindia.indiatimes.com/double_google_ads_call/msid-4719157,subid-0.cms'::19.809820000, 'http://timesofindia.indiatimes.com/after_body_js.cms?version=14'::19.988503000, 'http://timesofindia.indiatimes.com/photo/5580816.cms'::22.225334000, 'http://timesofindia.indiatimes.com/thumb/19801984.cms?width=238&height=160'::25.306528000"
10,110.225.91.4,96.17.182.65,13542,2.906464000,0.5317,2,"'http://timesofindia.indiatimes.com/photo/19778981.cms'::3.008506000, 'http://timesofindia.indiatimes.com/photo.cms?msid=9649288'::3.217174000"
11,110.225.91.4,96.17.182.65,15634,2.907369000,0.3397,1,'http://timesofindia.indiatimes.com/photo/19801705.cms'::3.018246000
12,110.225.91.4,96.17.182.65,10690,2.908811000,0.5295,2,"'http://timesofindia.indiatimes.com/photo/19800695.cms'::3.008951000, 'http://timesofindia.indiatimes.com/photo/11964050.cms'::3.214018000"
13,110.225.91.4,96.17.182.65,1464,2.914657000,0.5242,1,'http://timesofindia.indiatimes.com/photo/4580293.cms'::3.019827000
14,110.225.91.4,96.17.182.65,3382,2.914984000,0.5224,1,'http://timesofindia.indiatimes.com/photo.cms?msid=1748421'::3.020309000
15,110.225.91.4,96.17.182.65,1452,2.915248000,0.5233,1,'http://timesofindia.indiatimes.com/photo/11350517.cms'::3.020748000
16,110.225.91.4,96.17.182.65,424,2.915878000,7.0312,0,
17,110.225.91.4,96.17.182.65,424,2.916607000,6.9990,0,
18,110.225.91.4,173.194.36.79,3381,2.924381000,0.3517,0,
19,110.225.91.4,96.17.182.65,424,2.925216000,7.0229,0,
20,110.225.91.4,96.17.182.65,492,2.926728000,7.0304,0,
21,110.225.91.4,96.17.182.65,424,2.964369000,6.9924,0,
22,110.225.91.4,96.17.182.65,424,2.966551000,6.9897,0,
23,110.225.91.4,173.194.36.92,204,2.989281000,0.1242,0,
24,110.225.91.4,96.17.182.41,204,2.989585000,0.0461,0,
25,110.225.91.4,173.194.36.102,204,2.989826000,0.1235,0,
26,110.225.91.4,96.17.182.65,424,2.997322000,6.9503,0,
27,110.225.91.4,96.17.182.65,424,2.998682000,6.9579,0,
28,110.225.91.4,96.17.182.65,424,2.999860000,6.9479,0,
29,110.225.91.4,96.17.182.65,424,3.000432000,6.9470,0,
30,110.225.91.4,96.17.182.65,424,3.000940000,6.9469,0,
31,110.225.91.4,96.17.182.65,424,3.001447000,6.9458,0,
32,110.225.91.4,96.17.182.65,424,3.001934000,6.9004,0,
33,110.225.91.4,96.17.182.65,424,3.002456000,6.8824,0,
34,110.225.91.4,96.17.182.65,424,3.002974000,6.9450,0,
35,110.225.91.4,96.17.182.65,424,3.003492000,6.9448,0,
36,110.225.91.4,96.17.182.65,492,3.004055000,6.9534,0,
37,110.225.91.4,173.194.36.79,7557,3.059042000,137.7149,0,
38,110.225.91.4,223.165.25.20,530,4.208165000,0.5184,1,'http://netspiderads2.indiatimes.com/ads.dll/getad?slotid=35246'::4.208165000
39,110.225.91.4,96.17.182.43,7055,4.214006000,16.0104,1,'http://in-cdn.effectivemeasure.net/em.js'::4.214006000
40,110.225.91.4,74.125.236.5,19933,4.298323000,15.9259,2,"'http://www.google-analytics.com/ga.js'::4.728479000, 'http://www.google-analytics.com/__utm.gif?utmwv=5.4.1&utms=1&utmn=1813398332&utmhn=timesofindia.indiatimes.com&utmcs=UTF-8&utmsr=720x1280&utmvp=980x1544&utmsc=16-bit&utmul=en-us&utmje=0&utmfl=11.1%20r115&utmdt=The%20Times%20Of%20India&utmhid=1684787167&utmr=0&utmp=%2Fdefaultinterstitial.cms&utmht=1367324796423&utmac=UA-198011-4&utmcc=__utma%3D1.1047344894.1367324796.1367324796.1367324796.1%3B%2B__utmz%3D1.1367324796.1.1.utmcsr%3D(direct)%7Cutmccn%3D(direct)%7Cutmcmd%3D(none)%3B&utmu=qh~'::5.382199000"
41,110.225.91.4,74.125.236.5,580,4.298805000,5.6589,0,
42,110.225.91.4,173.194.36.67,492,4.733029000,6.2837,0,
43,110.225.91.4,173.194.36.67,580,4.733419000,6.2550,0,
44,110.225.91.4,223.165.25.20,2375,4.733784000,15.5955,1,'http://netspiderads2.indiatimes.com/ads.dll/getad?slotid=35246'::5.119280000
45,110.225.91.4,223.165.25.20,416,5.197500000,5.8193,0,
46,110.225.91.4,96.17.182.66,144056,5.398329000,25.1685,9,"'http://adscontent2.indiatimes.com/NS_Flash_v8.js'::5.398329000, 'http://adscontent2.indiatimes.com/photo/19779280.cms'::5.754594000, 'http://adscontent2.indiatimes.com/nsjsonrequest_v1.js'::19.986613000, 'http://adscontent2.indiatimes.com/googletiladsense_stn_v14.js'::28.228561000, 'http://adscontent2.indiatimes.com/googletiladsense_stn_v14.js'::28.301778000, 'http://adscontent2.indiatimes.com/photo/19031243.cms'::28.360238000, 'http://adscontent2.indiatimes.com/photo/19679178.cms,http://adscontent2.indiatimes.com/photo/19722338.cms'::28.360549000, 'http://adscontent2.indiatimes.com/NS_Flash_v8.js'::29.683890000, 'http://adscontent2.indiatimes.com/photo/17924807.cms'::30.468262000"
47,110.225.91.4,98.124.156.54,6604,9.963975000,10.4770,3,"'http://www9.effectivemeasure.net/v4/em_js?flag=0&v=&vt=&hl=&sv=0&pv=&pn=&p=aHR0cDovL3RpbWVzb2ZpbmRpYS5pbmRpYXRpbWVzLmNvbS9kZWZhdWx0aW50ZXJzdGl0aWFsLmNtcw%3D%3D&r=&f=1&ns=_em&rnd=0.8737404370458114&u=&sf=1&'::10.269782000, 'http://www9.effectivemeasure.net/v4/em4.swf'::11.029140000, 'http://www9.effectivemeasure.net/v4/em_dimg?flag=2&v=1cf9e8d151853fcc0c9bc081b883517fb88294fb97-03051677517fb882&vt=40e2244508e83b26c14ba97c6691517fb88294faf2-89037260517fb882&hl=&sv=0&pv=&pn=&p=aHR0cDovL3RpbWVzb2ZpbmRpYS5pbmRpYXRpbWVzLmNvbS9kZWZhdWx0aW50ZXJzdGl0aWFsLmNtcw%3D%3D&r=&f=1&ns=_em&rnd=0.105194968160642&u=&sf=1&'::11.695878000"
48,110.225.91.4,98.124.156.54,1718,9.965198000,10.4760,1,'http://www9.effectivemeasure.net/v4/em_ck_img?hl=1&r=0.8877618046095598'::11.698137000
49,110.225.91.4,98.124.156.54,1759,10.327575000,10.1137,1,'http://www9.effectivemeasure.net/img.gif'::11.717671000
50,110.225.91.4,98.124.156.54,424,10.327961000,6.9825,0,
51,110.225.91.4,96.17.182.40,542,10.897046000,0.1296,1,'http://timesofindia.indiatimes.com/favicon.ico'::10.897046000
52,110.225.91.4,31.13.79.17,500,16.879821000,0.4890,0,
53,110.225.91.4,96.17.182.65,16094,19.420672000,87.7218,5,"'http://timesofindia.indiatimes.com/photo/19778981.cms'::19.829262000, 'http://timesofindia.indiatimes.com/tmoney.cms?msid=-2128958273'::25.375249000, 'http://timesofindia.indiatimes.com/photo/5711192.cms'::26.606803000, 'http://timesofindia.indiatimes.com/thumb/19795355.cms?width=88&height=65'::104.361373000, 'http://timesofindia.indiatimes.com/thumb/19800973.cms?width=81&height=53'::106.953074000"
54,110.225.91.4,96.17.182.65,10488,19.495873000,87.4671,3,"'http://timesofindia.indiatimes.com/photo.cms?msid=1748421'::19.921463000, 'http://timesofindia.indiatimes.com/photo/12502589.cms'::25.397972000, 'http://timesofindia.indiatimes.com/thumb/19795359.cms?width=88&height=65'::104.363375000"
55,110.225.91.4,96.17.182.65,1832,19.498557000,6.1724,1,'http://timesofindia.indiatimes.com/photo/4580293.cms'::19.920774000
56,110.225.91.4,96.17.182.65,1820,19.557232000,6.1136,1,'http://timesofindia.indiatimes.com/photo/17489305.cms'::19.940939000
57,110.225.91.4,96.17.182.65,165105,19.561509000,108.6822,22,"'http://timesofindia.indiatimes.com/photo/18728895.cms'::19.941652000, 'http://timesofindia.indiatimes.com/photo/13820331.cms'::22.235906000, 'http://timesofindia.indiatimes.com/photo/19801070.cms'::25.313715000, 'http://timesofindia.indiatimes.com/photo/11339010.cms'::26.578356000, 'http://timesofindia.indiatimes.com/photo/19753269.cms?width=130&height=98'::28.236701000, 'http://timesofindia.indiatimes.com/photo/4748680.cms'::28.822629000, 'http://timesofindia.indiatimes.com/photo/4156181.cms'::29.601958000, 'http://timesofindia.indiatimes.com/photo/19741816.cms'::29.679507000, 'http://timesofindia.indiatimes.com/ipl2013widgethome.cms'::31.417707000, 'http://timesofindia.indiatimes.com/iplwidgetcss.cms?version=4'::35.234075000, 'http://timesofindia.indiatimes.com/photo/11961332.cms'::36.357208000, 'http://timesofindia.indiatimes.com/photo/12530922.cms'::36.660772000, 'http://timesofindia.indiatimes.com/photo/18627811.cms'::37.263226000, 'http://timesofindia.indiatimes.com/breakingnews/breakingnews.html'::43.863744000, 'http://timesofindia.indiatimes.com/breakingnews/breakingnews.html'::55.979033000, 'http://timesofindia.indiatimes.com/breakingnews/breakingnews.html'::57.802789000, 'http://timesofindia.indiatimes.com/breakingnews/breakingnews.html'::70.511171000, 'http://timesofindia.indiatimes.com/thumb/13313243.cms?width=81&height=53'::104.341349000, 'http://timesofindia.indiatimes.com/thumb/19775974.cms?width=88&height=65'::106.819646000, 'http://timesofindia.indiatimes.com/breakingnews/breakingnews.html'::108.045894000, 'http://timesofindia.indiatimes.com/breakingnews/breakingnews.html'::123.768428000, 'http://timesofindia.indiatimes.com/breakingnews/breakingnews.html'::128.097578000"
58,110.225.91.4,96.17.182.40,28009,19.669254000,87.3809,7,"'http://timesofindia.indiatimes.com/tpoint_js_v12.cms?version=6'::19.971733000, 'http://timesofindia.indiatimes.com/photo/9783775.cms'::22.284149000, 'http://timesofindia.indiatimes.com/photo/19800695.cms'::25.316059000, 'http://timesofindia.indiatimes.com/photo/11788630.cms'::26.580675000, 'http://timesofindia.indiatimes.com/personalisation_reco.cms'::31.434023000, 'http://timesofindia.indiatimes.com/thumb/19795899.cms?width=81&height=53'::104.355068000, 'http://timesofindia.indiatimes.com/thumb/19783306.cms?width=81&height=53'::106.924380000"
59,110.225.91.4,96.17.182.40,22179,19.745703000,87.3818,6,"'http://timesofindia.indiatimes.com/photo/11964050.cms'::19.972852000, 'http://timesofindia.indiatimes.com/niftysensexhome1.cms'::25.349202000, 'http://timesofindia.indiatimes.com/configspace/ads/TOIHP_Right.html'::25.354144000, 'http://timesofindia.indiatimes.com/photo/4583284.cms'::26.604676000, 'http://timesofindia.indiatimes.com/thumb/19795353.cms?width=88&height=65'::104.359102000, 'http://timesofindia.indiatimes.com/photo/19778522.cms'::106.944333000"
60,110.225.91.4,96.17.182.40,51799,19.748181000,87.2739,11,"'http://timesofindia.indiatimes.com/photo.cms?msid=9649288'::19.974515000, 'http://timesofindia.indiatimes.com/photo/9719649.cms'::22.240918000, 'http://timesofindia.indiatimes.com/thumb/19799347.cms?width=77&height=50'::25.311418000, 'http://timesofindia.indiatimes.com/photo/11339279.cms'::26.575416000, 'http://timesofindia.indiatimes.com/thumb.cms?msid=19798560&width=91&height=59'::28.235104000, 'http://timesofindia.indiatimes.com/latestnewstab/1221656.cms'::28.387785000, 'http://timesofindia.indiatimes.com/photo/4580293.cms'::28.828122000, 'http://timesofindia.indiatimes.com/breakingnews/breakingnews.html'::31.425356000, 'http://timesofindia.indiatimes.com/photo/11964050.cms'::35.245330000, 'http://timesofindia.indiatimes.com/thumb/19800532.cms?width=81&height=53'::104.350871000, 'http://timesofindia.indiatimes.com/thumb/19784604.cms?width=88&height=65'::106.893771000"
61,110.225.91.4,96.17.182.40,40841,19.805281000,87.2335,10,"'http://timesofindia.indiatimes.com/photo/17767460.cms'::19.972290000, 'http://timesofindia.indiatimes.com/photo/4748680.cms'::22.289544000, 'http://timesofindia.indiatimes.com/assemblywidget_karnataka.cms'::25.344723000, 'http://timesofindia.indiatimes.com/shadiadcodenri.cms?section=homepage'::25.353467000, 'http://timesofindia.indiatimes.com/photo/5715878.cms'::26.601517000, 'http://timesofindia.indiatimes.com/thumb.cms?msid=19782773&width=77&height=51'::28.238332000, 'http://timesofindia.indiatimes.com/horoscopeshow.cms?msid=121233212&contenttype=1&popup=1&arc=1&sunsign=1&timetype=1&astroid=1&B1=Go'::28.390003000, 'http://timesofindia.indiatimes.com/photo/6713473.cms'::31.426864000, 'http://timesofindia.indiatimes.com/thumb/19798547.cms?width=81&height=53'::104.352886000, 'http://timesofindia.indiatimes.com/thumb/19781523.cms?width=81&height=53'::106.905924000"
62,110.225.91.4,96.17.182.65,25822,19.810327000,87.2971,8,"'http://timesofindia.indiatimes.com/photo/4467783.cms'::19.990008000, 'http://timesofindia.indiatimes.com/photo/5539187.cms'::22.286279000, 'http://timesofindia.indiatimes.com/configspace/ads/TOI_home_top.html'::25.344270000, 'http://timesofindia.indiatimes.com/configspace/ads/toigoogleads.html'::25.353086000, 'http://timesofindia.indiatimes.com/poll.cms'::25.370804000, 'http://timesofindia.indiatimes.com/photo/4410559.cms'::26.582957000, 'http://timesofindia.indiatimes.com/thumb/19752200.cms?width=81&height=53'::104.357020000, 'http://timesofindia.indiatimes.com/photo/19796089.cms'::106.932738000"
63,110.225.91.4,96.17.182.65,424,19.810832000,6.0580,0,
64,110.225.91.4,96.17.182.65,424,19.811194000,6.0578,0,
65,110.225.91.4,96.17.182.65,424,19.811524000,6.0574,0,
66,110.225.91.4,96.17.182.65,424,19.811841000,6.0477,0,
67,110.225.91.4,96.17.182.40,492,19.812496000,6.0471,0,
68,110.225.91.4,96.17.182.65,424,19.851975000,6.0075,0,
69,110.225.91.4,96.17.182.65,424,19.863108000,5.9960,0,
70,110.225.91.4,96.17.182.65,424,19.883815000,5.9755,0,
71,110.225.91.4,96.17.182.65,424,19.887357000,5.9719,0,
72,110.225.91.4,96.17.182.65,424,19.901783000,5.9889,0,
73,110.225.91.4,96.17.182.65,424,19.905372000,5.9854,0,
74,110.225.91.4,96.17.182.65,424,19.909514000,5.9806,0,
75,110.225.91.4,96.17.182.65,424,19.922340000,5.9675,0,
76,110.225.91.4,96.17.182.65,424,19.926994000,5.9519,0,
77,110.225.91.4,96.17.182.57,1961,19.935047000,0.5072,1,'http://static.rewards.indiatimes.com/js/lb.js'::19.935047000
78,110.225.91.4,96.17.182.65,424,19.942797000,5.9469,0,
79,110.225.91.4,96.17.182.65,424,19.943544000,5.9361,0,
80,110.225.91.4,96.17.182.65,492,19.944017000,5.9354,0,
81,110.225.91.4,96.17.182.65,424,19.953500000,5.9156,0,
82,110.225.91.4,74.125.135.95,168,19.970671000,0.3846,0,
83,110.225.91.4,74.125.236.13,396,19.970794000,0.5885,0,
84,110.225.91.4,96.17.182.65,492,19.979178000,5.9001,0,
85,110.225.91.4,96.17.182.65,424,19.980005000,5.9103,0,
86,110.225.91.4,96.17.182.65,424,19.981292000,5.9080,0,
87,110.225.91.4,96.17.182.65,424,19.981912000,5.8877,0,
88,110.225.91.4,96.17.182.65,424,19.982540000,5.8867,0,
89,110.225.91.4,223.165.31.12,595,19.984872000,0.4557,1,'http://netspiderads3.indiatimes.com/ads.dll/getjsonad?slotid=1556'::19.984872000
90,110.225.91.4,96.17.182.42,204,19.987951000,0.3674,0,
91,110.225.91.4,118.215.159.139,204,19.988171000,0.4204,0,
92,110.225.91.4,96.17.182.32,204,19.990775000,0.4495,0,
93,110.225.91.4,96.17.182.40,424,20.111312000,5.7578,0,
94,110.225.91.4,74.125.236.5,20033,20.136231000,2.4053,2,"'http://www.google-analytics.com/ga.js'::20.444456000, 'http://www.google-analytics.com/__utm.gif?utmwv=5.4.1&utms=2&utmn=1590161698&utmhn=timesofindia.indiatimes.com&utmcs=UTF-8&utmsr=720x1280&utmvp=720x1134&utmsc=16-bit&utmul=en-us&utmje=0&utmfl=11.1%20r115&utmdt=The%20Times%20of%20India%3A%20Latest%20News%20India%2C%20World%20%26%20Business%20News%2C%20Cricket%20%26%20Sports%2C%20Bollywood&utmhid=688070407&utmr=http%3A%2F%2Ftimesofindia.indiatimes.com%2Fdefaultinterstitial.cms&utmp=%2F&utmht=1367324811925&utmac=UA-198011-4&utmcc=__utma%3D1.1047344894.1367324796.1367324796.1367324796.1%3B%2B__utmz%3D1.1367324796.1.1.utmcsr%3D(direct)%7Cutmccn%3D(direct)%7Cutmcmd%3D(none)%3B&utmu=qh~'::20.882728000"
95,110.225.91.4,96.17.182.66,204,20.139286000,0.3013,0,
96,110.225.91.4,173.194.36.109,204,20.139434000,0.3013,0,
97,110.225.91.4,173.194.36.109,204,20.139554000,0.3034,0,
98,110.225.91.4,74.125.236.5,424,20.141077000,0.5418,0,
99,110.225.91.4,96.17.182.41,5322,20.144268000,2.4543,3,"'http://b.scorecardresearch.com/beacon.js'::20.447260000, 'http://b.scorecardresearch.com/b?c1=2&c2=6036484&ns__t=1367324811721&ns_c=UTF-8&c8=The%20Times%20of%20India%3A%20Latest%20News%20India%2C%20World%20%26%20Business%20News%2C%20Cricket%20%26%20Sports%2C%20Bollywood&c7=http%3A%2F%2Ftimesofindia.indiatimes.com%2F&c9=http%3A%2F%2Ftimesofindia.indiatimes.com%2Fdefaultinterstitial.cms'::20.646687000, 'http://b.scorecardresearch.com/b2?c1=2&c2=6036484&ns__t=1367324811721&ns_c=UTF-8&c8=The%20Times%20of%20India%3A%20Latest%20News%20India%2C%20World%20%26%20Business%20News%2C%20Cricket%20%26%20Sports%2C%20Bollywood&c7=http%3A%2F%2Ftimesofindia.indiatimes.com%2F&c9=http%3A%2F%2Ftimesofindia.indiatimes.com%2Fdefaultinterstitial.cms'::20.889080000"
100,110.225.91.4,96.17.182.40,424,20.185660000,5.7048,0,
101,110.225.91.4,96.17.182.40,424,20.186288000,5.7033,0,
102,110.225.91.4,96.17.182.40,424,20.196145000,5.6834,0,
103,110.225.91.4,173.194.36.77,30273,20.213289000,8.2244,2,"'http://www.googletagservices.com/tag/js/gpt.js'::20.213289000, 'http://www.googletagservices.com/tag/js/gpt.js'::28.310686000"
104,110.225.91.4,96.17.182.40,492,20.222067000,5.6572,0,
105,110.225.91.4,96.17.182.40,424,20.222601000,5.6565,0,
106,110.225.91.4,96.17.182.66,204,20.225861000,0.2157,0,
107,110.225.91.4,96.17.182.17,204,20.226105000,0.2160,0,
108,110.225.91.4,23.35.65.224,204,20.226290000,0.2168,0,
109,110.225.91.4,96.17.182.17,204,20.226469000,0.2159,0,
110,110.225.91.4,173.194.36.89,204,20.226655000,0.2625,0,
111,110.225.91.4,173.194.36.109,204,20.226831000,0.2625,0,
112,110.225.91.4,223.165.31.15,1319,20.227697000,0.5210,1,'http://ads.indiatimes.com/ads.dll/genptypead?slotid=3736'::20.491342000
113,110.225.91.4,223.165.31.15,416,20.228854000,0.5197,0,
114,110.225.91.4,96.17.182.41,424,20.230291000,2.3684,0,
115,110.225.91.4,96.17.182.40,424,20.232567000,5.6369,0,
116,110.225.91.4,96.17.182.40,424,20.233297000,5.6362,0,
117,110.225.91.4,96.17.182.40,424,20.234172000,5.6352,0,
118,110.225.91.4,173.194.36.67,424,20.382131000,2.2765,0,
119,110.225.91.4,173.194.36.67,424,20.387021000,0.3414,0,
120,110.225.91.4,23.35.66.127,204,20.441809000,0.1880,0,
121,110.225.91.4,96.17.182.57,204,20.442038000,0.1176,0,
122,110.225.91.4,199.7.57.72,168,20.442162000,0.3771,0,
123,110.225.91.4,23.35.33.224,204,20.442265000,0.1175,0,
124,110.225.91.4,199.7.57.72,168,20.442368000,0.3767,0,
125,110.225.91.4,223.165.31.12,4275,20.451931000,5.1171,3,"'http://netspiderads3.indiatimes.com/ads.dll/getjsonad?slotid=1556'::20.633298000, 'http://netspiderads3.indiatimes.com/ads.dll/getad?slotid=1202'::22.227139000, 'http://netspiderads3.indiatimes.com/ads.dll/getad?slotid=160'::25.348057000"
126,110.225.91.4,96.17.182.41,424,20.560763000,4.9483,0,
127,110.225.91.4,173.194.36.89,24483,20.606976000,5.0723,1,'http://partner.googleadservices.com/gampad/google_ads_gpt.js'::20.680084000
128,110.225.91.4,223.165.31.15,416,20.632855000,1.9656,0,
129,110.225.91.4,223.165.31.15,416,20.633623000,1.9647,0,
130,110.225.91.4,173.194.36.89,424,20.635796000,5.0437,0,
131,110.225.91.4,74.125.236.13,3282,21.249691000,4.2592,1,'http://pubads.g.doubleclick.net/gampad/ads?gdfp_req=1&correlator=2701706563914479&output=json_html&callback=googletag.impl.pubads.setAdContentsBySlotForSync&impl=ss&json_a=1&eid=108809001&iu_parts=7176%2CTOI%2CTOI_Home%2CTOI_Home_Home%2CTOI_HP_ATF_300%2CTOI_HP_BTF_300%2CTOI_HP_BTF_2_300%2CTOI_HP_BTF_728%2CTOI_HP_OP_Innov1%2CTOI_HP_OP_Innov2%2CTOI_HP_OP_Inter%2CTOI_HP_OP_Pop%2CTOI_HP_OP_Shosh&enc_prev_ius=%2F0%2F1%2F2%2F3%2F4%2C%2F0%2F1%2F2%2F3%2F5%2C%2F0%2F1%2F2%2F3%2F6%2C%2F0%2F1%2F2%2F3%2F7%2C%2F0%2F1%2F2%2F3%2F8%2C%2F0%2F1%2F2%2F3%2F9%2C%2F0%2F1%2F2%2F3%2F10%2C%2F0%2F1%2F2%2F3%2F11%2C%2F0%2F1%2F2%2F3%2F12&prev_iu_szs=300x250%7C300x1050%2C300x250%2C300x250%2C728x90%7C1003x90%2C1x1%2C1x1%2C1x1%2C1x1%2C1x1&ists=31&prev_scp=L1%3D%26L2%3D%26L3%3D%26H1%3D%26ARC1%3D%26Hyp1%3D%7CL1%3D%26L2%3D%26L3%3D%26H1%3D%26ARC1%3D%26Hyp1%3D%7CL1%3D%26L2%3D%26L3%3D%26H1%3D%26ARC1%3D%26Hyp1%3D%7CL1%3D%26L2%3D%26L3%3D%26H1%3D%26ARC1%3D%26Hyp1%3D%7CL1%3D%26L2%3D%26L3%3D%26H1%3D%26ARC1%3D%26Hyp1%3D%7CL1%3D%26L2%3D%26L3%3D%26H1%3D%26ARC1%3D%26Hyp1%3D%7CL1%3D%26L2%3D%26L3%3D%26H1%3D%26ARC1%3D%26Hyp1%3D%7CL1%3D%26L2%3D%26L3%3D%26H1%3D%26ARC1%3D%26Hyp1%3D%7CL1%3D%26L2%3D%26L3%3D%26H1%3D%26ARC1%3D%26Hyp1%3D&cust_params=article%3D&cookie_enabled=1&lmt=1367324338&dt=1367324812119&biw=720&bih=1134&oid=3&gut=v2&ifi=1&u_tz=330&u_his=2&u_h=1280&u_w=720&u_ah=1280&u_aw=720&u_cd=16&u_nplug=1&u_nmime=2&u_sd=1&flash=11.1.115&url=http%3A%2F%2Ftimesofindia.indiatimes.com%2F&ref=http%3A%2F%2Ftimesofindia.indiatimes.com%2Fdefaultinterstitial.cms&adks=2183620676%2C3382079902%2C3201633559%2C2461631983%2C2925889651%2C3177099842%2C1289472957%2C75062424%2C2018634876&vrg=20&vrp=20&ga_vid=182073839.1367324812&ga_sid=1367324812&ga_hid=234229967'::21.357890000
132,110.225.91.4,173.194.36.92,3141,21.596217000,3.9572,2,"'http://ad.doubleclick.net/N7176/adj/IPL2013_MKT/IPL2013_CMS_HP;sz=980x40,980x30;ord=7625390167773637?'::21.688512000, 'http://ad.doubleclick.net/N7176/adj/TOI/Google_Hangouts_TOI_HP_337x46;sz=337x46;ord=7625390167773637?'::22.237815000"
133,110.225.91.4,223.165.31.12,3375,22.230196000,3.3078,2,"'http://netspiderads3.indiatimes.com/ads.dll/getad?slotid=1203'::22.459414000, 'http://netspiderads3.indiatimes.com/ads.dll/getad?slotid=667'::25.323846000"
134,110.225.91.4,223.165.31.12,1620,22.392982000,3.2861,1,'http://netspiderads3.indiatimes.com/ads.dll/getad?slotid=679'::25.372836000
135,110.225.91.4,96.17.182.66,18678,22.504973000,3.1655,1,'http://adscontent3.indiatimes.com/photo/19784437.cms'::22.563971000
136,110.225.91.4,96.17.182.66,5936,22.533514000,3.1371,1,'http://adscontent3.indiatimes.com/photo/19689106.cms'::22.646819000
137,110.225.91.4,223.165.31.12,416,22.543822000,3.1358,0,
138,110.225.91.4,74.125.135.95,368,25.210641000,0.4307,0,
139,110.225.91.4,74.125.135.95,37086,25.211427000,6.5176,1,'http://ajax.googleapis.com/ajax/libs/jquery/1.8.1/jquery.min.js'::25.333398000
140,110.225.91.4,223.165.25.20,1852,25.318258000,6.3954,1,'http://netspiderads2.indiatimes.com/ads.dll/getad?slotid=38763'::25.530974000
141,110.225.91.4,223.165.25.205,1468,25.320617000,5.3752,1,'http://geodataservice205.indiatimes.com/getGeo.aspx?rettype=json&detail=completedetail&callback=weatherinfo&key=net$pider@til'::25.530569000
142,110.225.91.4,223.165.25.205,416,25.337257000,5.3584,0,
143,110.225.91.4,223.165.25.20,1852,25.337698000,6.3614,1,'http://netspiderads2.indiatimes.com/ads.dll/getad?slotid=36441'::25.538990000
144,110.225.91.4,223.165.25.20,3599,25.348791000,6.3504,2,"'http://netspiderads2.indiatimes.com/ads.dll/getad?slotid=38767'::25.569856000, 'http://netspiderads2.indiatimes.com/ads.dll/getad?slotid=36300'::28.366824000"
145,110.225.91.4,223.165.25.20,1195,25.354603000,0.5248,1,'http://netspiderads2.indiatimes.com/ads.dll/genptypead?slotid=35823&srands=1367324814000&shtype=3'::25.672381000
146,110.225.91.4,96.17.182.48,7467,25.381221000,6.2768,1,'http://in-cdn.effectivemeasure.net/em.js'::25.648204000
147,110.225.91.4,223.165.25.20,416,25.393892000,6.3915,0,
148,110.225.91.4,96.17.182.48,424,25.441615000,6.2069,0,
149,110.225.91.4,223.165.25.20,416,25.441885000,6.3432,0,
150,110.225.91.4,223.165.25.20,416,25.442103000,6.3431,0,
151,110.225.91.4,223.165.25.20,416,25.442335000,6.3429,0,
152,110.225.91.4,223.165.25.20,416,25.568634000,6.1701,0,
153,110.225.91.4,223.165.25.20,416,25.579795000,6.1493,0,
154,110.225.91.4,223.165.25.20,416,25.626574000,6.1121,0,
155,110.225.91.4,223.165.25.20,416,25.677989000,6.0608,0,
156,110.225.91.4,223.165.25.20,416,25.678570000,6.1067,0,
157,110.225.91.4,223.165.25.20,416,25.679023000,6.1064,0,
158,110.225.91.4,96.17.182.43,424,25.690183000,5.9547,0,
159,110.225.91.4,98.124.156.54,2361,27.456657000,3.4220,1,'http://www9.effectivemeasure.net/v4/em_js?flag=0&v=&vt=&hl=&sv=0&pv=&pn=&p=aHR0cDovL3RpbWVzb2ZpbmRpYS5pbmRpYXRpbWVzLmNvbS8%3D&r=aHR0cDovL3RpbWVzb2ZpbmRpYS5pbmRpYXRpbWVzLmNvbS9kZWZhdWx0aW50ZXJzdGl0aWFsLmNtcw%3D%3D&f=1&ns=_em&rnd=0.7286153430070441&u=&sf=1&'::27.827590000
160,110.225.91.4,98.124.156.54,424,27.569950000,4.3791,0,
161,110.225.91.4,98.124.156.54,424,27.648709000,4.3003,0,
162,110.225.91.4,98.124.156.54,424,27.764902000,4.1396,0,
163,110.225.91.4,173.194.36.109,54496,28.230824000,2.3763,4,"'http://pagead2.googlesyndication.com/pagead/show_ads.js'::28.339507000, 'http://pagead2.googlesyndication.com/pagead/show_ads.js,http://pagead2.googlesyndication.com/pagead/show_ads.js'::28.340075000, 'http://pagead2.googlesyndication.com/pagead/js/r20130423/r20130206/show_ads_impl.js'::29.670728000, 'http://pagead2.googlesyndication.com/pagead/osd.js'::30.466546000"
164,110.225.91.4,173.194.36.109,31447,28.269879000,2.4256,2,"'http://pagead2.googlesyndication.com/pagead/js/r20130423/r20130206/show_ads_impl.js'::29.676000000, 'http://pagead2.googlesyndication.com/pagead/osd.js'::30.528896000"
165,110.225.91.4,173.194.36.109,31445,28.304369000,2.3537,2,"'http://pagead2.googlesyndication.com/pagead/js/r20130423/r20130206/show_ads_impl.js'::29.677324000, 'http://pagead2.googlesyndication.com/pagead/osd.js'::30.526842000"
166,110.225.91.4,173.194.36.109,424,28.309949000,5.5286,0,
167,110.225.91.4,96.17.182.66,16443,28.316405000,78.9657,1,'http://adscontent3.indiatimes.com/photo/19611710.cms'::28.369765000
168,110.225.91.4,96.17.182.66,3979,28.323029000,0.0711,1,'http://adscontent2.indiatimes.com/googletiladsense_stn_v14.js'::28.323029000
169,110.225.91.4,173.194.36.109,424,28.325953000,5.5108,0,
170,110.225.91.4,96.17.182.66,424,28.340387000,5.4587,0,
171,110.225.91.4,96.17.182.66,424,28.345937000,5.4531,0,
172,110.225.91.4,96.17.182.66,424,28.349372000,5.4496,0,
173,110.225.91.4,96.17.182.66,424,28.351468000,5.4434,0,
174,110.225.91.4,96.17.182.66,424,28.356201000,5.4573,0,
175,110.225.91.4,96.17.182.66,424,28.360766000,5.4527,0,
176,110.225.91.4,96.17.182.66,424,28.361008000,5.4523,0,
177,110.225.91.4,96.17.182.66,424,28.517356000,6.0954,0,
178,110.225.91.4,173.194.36.89,24314,29.629418000,0.4897,1,'http://partner.googleadservices.com/gampad/google_ads_gpt.js'::29.707390000
179,110.225.91.4,173.194.36.89,424,29.678863000,5.8383,0,
180,110.225.91.4,74.125.236.25,424,30.049526000,5.4498,0,
181,110.225.91.4,173.194.36.109,5412,30.473189000,76.9351,3,"'http://googleads.g.doubleclick.net/pagead/ads?client=ca-timesofindia_site_js&output=js&num_ads=2&channel=TOI_home_top&ad_type=text&adtest=off&ea=0&color_line=ff0000&feedback_link=on&flash=11.1.115&url=http%3A%2F%2Ftimesofindia.indiatimes.com%2F&adsafe=high&dt=1367324820465&shv=r20130423&cbv=r20130206&saldr=1&correlator=1367324821099&frm=23&adk=511001906&ga_vid=1420005556.1367324821&ga_sid=1367324821&ga_hid=1040495896&ga_fc=0&u_tz=330&u_his=2&u_java=0&u_h=1280&u_w=720&u_ah=1280&u_aw=720&u_cd=16&u_nplug=1&u_nmime=2&dff=sans-serif&dfs=16&biw=980&bih=1544&isw=670&ish=90&ifk=2971393465&eid=86860102&oid=3&loc=http%3A%2F%2Ftimesofindia.indiatimes.com%2F&fu=4&ifi=1&dtd=674'::30.608910000, 'http://googleads.g.doubleclick.net/pagead/ads?client=ca-timesofindia_site_js&output=js&num_ads=1&skip=2&channel=home_right1&ad_type=text&adtest=off&ea=0&color_line=ff0000&feedback_link=on&flash=11.1.115&url=http%3A%2F%2Ftimesofindia.indiatimes.com%2F&adsafe=high&dt=1367324820582&shv=r20130423&cbv=r20130206&saldr=1&correlator=1367324821246&frm=23&adk=511001906&ga_vid=1847798812.1367324821&ga_sid=1367324821&ga_hid=2057166551&ga_fc=0&u_tz=330&u_his=2&u_java=0&u_h=1280&u_w=720&u_ah=1280&u_aw=720&u_cd=16&u_nplug=1&u_nmime=2&dff=sans-serif&dfs=16&biw=980&bih=1544&isw=300&ish=85&ifk=2296946616&eid=317150301%2C86860103&oid=3&loc=http%3A%2F%2Ftimesofindia.indiatimes.com%2F&fu=4&ifi=1&dtd=688'::30.609254000, 'http://googleads.g.doubleclick.net/pagead/ads?client=ca-timesofindia_site_js&output=js&num_ads=2&channel=home&ad_type=text&adtest=off&ea=0&color_line=ff0000&feedback_link=on&flash=11.1.115&url=http%3A%2F%2Ftimesofindia.indiatimes.com%2F&adsafe=high&dt=1367324820565&shv=r20130423&cbv=r20130206&saldr=1&correlator=1367324821318&frm=23&adk=511001906&ga_vid=1258900016.1367324821&ga_sid=1367324821&ga_hid=304026238&ga_fc=0&u_tz=330&u_his=2&u_java=0&u_h=1280&u_w=720&u_ah=1280&u_aw=720&u_cd=16&u_nplug=1&u_nmime=2&dff=sans-serif&dfs=16&biw=980&bih=1544&isw=670&ish=82&ifk=1011271187&eid=86860103&oid=3&loc=http%3A%2F%2Ftimesofindia.indiatimes.com%2F&fu=4&ifi=1&dtd=782'::30.609287000"
182,110.225.91.4,173.194.36.109,424,30.473426000,6.0050,0,
183,110.225.91.4,173.194.36.109,424,30.473582000,6.0050,0,
184,110.225.91.4,173.194.36.121,2199,30.505301000,1.1937,1,'http://pubads.g.doubleclick.net/gampad/ads?gdfp_req=1&correlator=1974995211120821&output=json_html&callback=window.parent.googletag.impl.pubads.setAdContentsBySlotForAsync&impl=fifs&json_a=1&eid=108809001&iu_parts=7176%2CTOI%2CTOI_Home%2CTOI_Home_Slug%2CTOI_SLG_HP_RHS_BTF_300&enc_prev_ius=%2F0%2F1%2F2%2F3%2F4&prev_iu_szs=300x80&cookie_enabled=1&cdm=timesofindia.indiatimes.com&lmt=1367244424&dt=1367324821415&cc=100&ea=0&biw=-12245933&bih=-12245933&oid=3&gut=v2&ifi=1&ifk=3415297738&u_tz=330&u_his=2&u_h=1280&u_w=720&u_ah=1280&u_aw=720&u_cd=16&u_nplug=1&u_nmime=2&u_sd=1&flash=11.1.115&url=http%3A%2F%2Ftimesofindia.indiatimes.com%2F&ref=http%3A%2F%2Ftimesofindia.indiatimes.com%2F&adks=4281759372&vrg=20&vrp=20&ga_vid=160779111.1367324821&ga_sid=1367324821&ga_hid=1891595098'::30.611460000
185,110.225.91.4,173.194.36.121,424,30.568734000,1.1301,0,
186,110.225.91.4,173.194.36.109,424,30.568908000,5.9094,0,
187,110.225.91.4,173.194.36.109,424,30.569047000,5.8995,0,
188,110.225.91.4,173.194.36.109,424,30.569176000,5.9095,0,
189,110.225.91.4,23.35.34.127,4792,31.539689000,0.1496,1,'http://static.chartbeat.com/js/chartbeat.js'::31.634122000
190,110.225.91.4,23.35.34.127,424,31.602329000,5.7359,0,
191,110.225.91.4,96.17.182.65,2041,31.609471000,0.1043,1,'http://www.indiatimes.com/static_pages/indiatimes.json'::31.659020000
192,110.225.91.4,96.17.182.65,424,31.609805000,5.7189,0,
193,110.225.91.4,96.17.182.9,3647,31.610054000,0.1188,1,'http://www.speakingtree.in/cache/toi?feed=article&type=featured&limit=46&callback=sptree'::31.673831000
194,110.225.91.4,96.17.182.9,492,31.610270000,5.7279,0,
195,110.225.91.4,118.215.159.139,64464,31.619973000,75.7620,1,'http://connect.facebook.net/en_US/all.js'::31.674054000
196,110.225.91.4,68.232.44.139,58830,31.620374000,9.6543,2,"'http://platform.twitter.com/widgets.js'::31.785936000, 'http://platform.twitter.com/widgets/follow_button.1366232305.html'::35.246504000"
197,110.225.91.4,68.232.44.139,368,31.620674000,5.7899,0,
198,110.225.91.4,118.215.159.139,424,31.621135000,5.7057,0,
199,110.225.91.4,96.17.182.65,5637,34.826052000,0.1632,1,'http://media.indiatimes.in/media/photogallery/2013/Apr/296506_304617933000882_23196836_n_1367312399_1367312412_100x75.jpg'::34.826052000
200,110.225.91.4,54.243.145.96,1643,34.939498000,1.8099,1,'http://ping.chartbeat.net/ping?h=timesofindia.indiatimes.com&p=%2F&u=ld5wp8o57r0swlqb&d=timesofindia.indiatimes.com&g=10538&g0=Home%20Page&n=1&f=1&c=0&x=0&y=5518&w=1544&j=45&R=1&W=0&I=0&E=0&v=http%3A%2F%2Ftimesofindia.indiatimes.com%2Fdefaultinterstitial.cms&b=11029&t=x1mxfv6iym6lpgsc&V=9&i=The%20Times%20of%20India%3A%20Latest%20News%20India%2C%20World%20%26%20Business%20News%2C%20Cricket%20%26%20Sports%2C%20Bollywood&_'::35.283231000
201,110.225.91.4,54.243.145.96,424,34.990284000,1.9464,0,
202,110.225.91.4,75.101.130.100,424,35.175371000,1.9326,0,
203,110.225.91.4,75.101.130.100,424,35.175649000,1.9324,0,
204,110.225.91.4,96.17.182.66,2239,35.238456000,2.1097,2,"'http://card.cricket.timesofindia.indiatimes.com/cricketscorecard/htmlscore/flvmapjson.html'::35.238456000, 'http://card.cricket.timesofindia.indiatimes.com/cricketscorecard/htmlscore/getcalenderjson.html'::37.261707000"
205,110.225.91.4,96.17.182.9,2534,35.242510000,72.0406,1,'http://static.rewards.indiatimes.com/fns/daily/daily_TOI.json'::35.387184000
206,110.225.91.4,96.17.182.9,424,35.284155000,5.9548,0,
207,110.225.91.4,65.54.82.157,47722,35.339132000,3.9116,1,'http://ajax.aspnetcdn.com/ajax/jQuery/jquery-1.7.2.min.js'::35.500152000
208,110.225.91.4,65.54.82.157,560,35.339367000,5.9752,0,
209,110.225.91.4,223.165.26.45,580,35.386445000,5.9104,0,
210,110.225.91.4,223.165.26.45,2924,35.386855000,1.0917,1,'http://crifeeds.timesofindia.indiatimes.com/GetCalender.json'::35.500372000
211,110.225.91.4,122.252.138.110,17195,35.406095000,2.6124,0,
212,110.225.91.4,122.252.138.110,5388,35.406903000,5.8412,0,
213,110.225.91.4,31.13.79.17,492,36.465146000,5.8539,0,
214,110.225.91.4,31.13.79.17,7016,36.465467000,0.4944,1,'http://www.facebook.com/plugins/like.php?app_id=117787264903013&href=http%3A%2F%2Fwww.facebook.com%2FTimesofIndia&send=false&layout=button_count&width=450&show_faces=false&action=like&colorscheme=light&font=arial&height=21'::36.588776000
215,110.225.91.4,31.13.79.17,3053,36.465834000,0.2928,0,
216,110.225.91.4,31.13.79.17,5804,36.601535000,1.1173,0,
217,110.225.91.4,184.29.227.206,1964,37.405157000,54.3933,1,'http://m-static.ak.fbcdn.net/rsrc.php/v2/yF/r/wtsky0Emo_J.png'::37.799326000
218,110.225.91.4,184.29.227.206,43972,37.425208000,69.7799,1,'http://m-static.ak.fbcdn.net/rsrc.php/v2/yw/r/3nUm8w5968H.js'::37.799114000
219,110.225.91.4,184.29.227.206,424,37.599735000,6.1158,0,
220,110.225.91.4,184.29.227.206,492,37.599929000,6.1154,0,
221,110.225.91.4,184.29.227.206,580,37.638758000,6.0760,0,
222,110.225.91.4,184.29.227.206,424,37.639004000,6.0768,0,
223,110.225.91.4,184.29.227.206,424,37.842655000,6.8671,0,
224,110.225.91.4,184.29.227.206,424,37.842901000,6.8673,0,
225,110.225.91.4,96.17.182.17,3083,39.959320000,67.4228,1,'http://images.speakingtree.iimg.in/files/rsz/fit_s_60x54/files/04-2013/1/40ff75bacca15542d6fe334084e552b6_1367319948.jpg'::40.009395000
226,110.225.91.4,96.17.182.17,424,39.959580000,5.3460,0,
227,110.225.91.4,96.17.182.42,24250,40.299535000,66.6652,2,"'http://static.ak.facebook.com/connect/xd_arbiter.php?version=24'::40.337349000, 'http://static.ak.facebook.com/connect/xd_arbiter.php?version=24'::40.337713000"
228,110.225.91.4,96.17.182.42,424,40.299794000,6.0071,0,
229,110.225.91.4,96.17.182.42,424,40.299977000,6.0050,0,
230,110.225.91.4,96.17.182.42,424,40.300142000,6.0086,0,
231,110.225.91.4,96.17.182.16,15327,41.638789000,0.1699,3,"'http://mytimes.indiatimes.com/image/thumb/4/628918'::41.678951000, 'http://mytimes.indiatimes.com/image/thumb/10/850908,http://mytimes.indiatimes.com/image/thumb/4/157586'::41.679383000, 'http://mytimes.indiatimes.com/image/thumb/12/3768,http://mytimes.indiatimes.com/image/thumb/0/default'::41.679577000"
232,110.225.91.4,96.17.182.16,424,41.639062000,7.5636,0,
233,110.225.91.4,96.17.182.16,424,41.639233000,7.5629,0,
234,110.225.91.4,96.17.182.16,424,41.639386000,7.5624,0,
235,110.225.91.4,96.17.182.16,424,41.639530000,7.5635,0,
236,110.225.91.4,96.17.182.16,424,41.639686000,7.5637,0,
237,110.225.91.4,96.17.182.16,424,41.639833000,7.5616,0,
238,110.225.91.4,96.17.182.16,424,41.639979000,7.5607,0,
239,110.225.91.4,96.17.182.16,616,41.640117000,7.6166,0,
240,110.225.91.4,96.17.182.16,616,41.640261000,7.6147,0,
241,110.225.91.4,23.35.65.224,1467,42.169434000,0.2089,1,'http://p.twitter.com/f.gif?_=1367324826037&id=twitter-widget-0&lang=en&screen_name=timesofindia&show_count=false&show_screen_name=true&size=m&twttr_variant=2.0&twttr_referrer=http%3A%2F%2Ftimesofindia.indiatimes.com%2F&twttr_widget=1&twttr_hask=0&twttr_li=0&twttr_pid='::42.237073000
242,110.225.91.4,23.35.65.224,424,42.170147000,7.0340,0,
243,110.225.91.4,54.243.145.96,1376,61.922388000,3.5623,1,'http://ping.chartbeat.net/ping?h=timesofindia.indiatimes.com&p=%2F&u=ld5wp8o57r0swlqb&d=timesofindia.indiatimes.com&g=10538&g0=Home%20Page&n=1&f=1&c=0.5&x=0&y=5556&w=1544&j=60&R=0&W=0&I=1&E=0&b=11029&t=x1mxfv6iym6lpgsc&V=9&_'::63.662799000
244,110.225.91.4,75.101.130.100,424,62.174981000,3.8141,0,
245,110.225.91.4,96.17.182.27,424,79.089541000,8.2187,0,
246,110.225.91.4,74.125.128.188,1438,80.968170000,9.6994,0,
247,110.225.91.4,96.17.182.16,424,80.969301000,6.3103,0,
248,110.225.91.4,96.17.182.65,4316,106.755265000,0.5097,1,'http://timesofindia.indiatimes.com/photo/4764250.cms'::106.965937000
249,110.225.91.4,96.17.182.65,5514,106.755626000,0.5957,1,'http://timesofindia.indiatimes.com/photo/19705791.cms'::106.966284000
250,110.225.91.4,96.17.182.65,9166,106.755844000,0.5752,1,'http://timesofindia.indiatimes.com/photo/19556161.cms'::106.966806000
251,110.225.91.4,96.17.182.65,2782,106.756032000,0.5752,1,'http://timesofindia.indiatimes.com/photo/4761631.cms'::106.967089000
252,110.225.91.4,96.17.182.65,424,106.756216000,7.0040,0,
253,110.225.91.4,96.17.182.65,424,106.756387000,7.0036,0,
254,110.225.91.4,96.17.182.65,424,106.757211000,7.0027,0,
255,110.225.91.4,96.17.182.65,424,106.758092000,7.0020,0,
256,110.225.91.4,96.17.182.65,424,106.758597000,7.0012,0,
257,110.225.91.4,96.17.182.65,424,106.759065000,6.9929,0,
258,110.225.91.4,96.17.182.65,424,106.759816000,7.0208,0,
259,110.225.91.4,96.17.182.65,424,106.760285000,7.0203,0,
260,110.225.91.4,96.17.182.65,424,106.760672000,7.0197,0,
261,110.225.91.4,96.17.182.65,424,106.820380000,6.9313,0,
262,110.225.91.4,96.17.182.65,424,106.820872000,6.9310,0,
263,110.225.91.4,96.17.182.65,424,106.821294000,6.9301,0,
264,110.225.91.4,96.17.182.65,424,106.821678000,6.9110,0,
265,110.225.91.4,96.17.182.65,424,106.822031000,6.9046,0,
266,110.225.91.4,96.17.182.65,424,106.822394000,6.8986,0,
267,110.225.91.4,96.17.182.65,424,106.822855000,6.9578,0,
268,110.225.91.4,96.17.182.65,424,106.823855000,6.9565,0,
269,110.225.91.4,96.17.182.65,424,106.824309000,6.9562,0,
270,110.225.91.4,96.17.182.65,424,106.824694000,6.9643,0,
271,110.225.91.4,96.17.182.27,68393,106.963890000,1.3776,3,"'http://static.gaana.com/images/albums/0/99300/crop_110x110_99300.jpg'::107.104298000, 'http://static.gaana.com/images/albums/50/95550/crop_110x110_95550.jpg,http://static.gaana.com/images/albums/20/93820/crop_110x110_93820.jpg,http://static.gaana.com/images/albums/15/76415/crop_110x110_76415.jpg,http://static.gaana.com/images/albums/89/74889/crop_110x110_74889.jpg'::107.104992000, 'http://static.gaana.com/images/albums/21/75321/crop_110x110_75321.jpg'::107.105215000"
272,110.225.91.4,96.17.182.27,492,106.964970000,1.3818,0,
273,110.225.91.4,96.17.182.27,424,106.969439000,1.3553,0,
274,110.225.91.4,96.17.182.27,424,106.970876000,1.3517,0,
275,110.225.91.4,96.17.182.27,424,106.971423000,1.3493,0,
276,110.225.91.4,96.17.182.27,424,106.971722000,1.3470,0,
277,110.225.91.4,96.17.182.27,424,106.973730000,1.3410,0,
278,110.225.91.4,96.17.182.27,424,106.974053000,1.3392,0,
279,110.225.91.4,96.17.182.27,424,106.974665000,1.3372,0,
280,110.225.91.4,96.17.182.27,424,106.974964000,1.3368,0,
281,110.225.91.4,96.17.182.27,424,106.975243000,1.3364,0,
282,110.225.91.4,96.17.182.27,424,106.975513000,1.3512,0,
283,110.225.91.4,96.17.182.32,424,107.407903000,0.9036,0,
284,110.225.91.4,96.17.182.32,424,107.408346000,6.3518,0,
285,110.225.91.4,96.17.182.32,424,107.408660000,6.3140,0,
286,110.225.91.4,96.17.182.32,424,107.408982000,6.3102,0,
287,110.225.91.4,96.17.182.32,424,107.409294000,6.3098,0,
288,110.225.91.4,96.17.182.32,424,107.409585000,6.3095,0,
289,110.225.91.4,96.17.182.32,424,107.409869000,6.3091,0,
290,110.225.91.4,96.17.182.32,424,107.410163000,6.3087,0,
291,110.225.91.4,96.17.182.32,424,107.410440000,6.3084,0,
292,110.225.91.4,96.17.182.32,424,107.410756000,6.3694,0,
293,110.225.91.4,54.243.145.96,424,108.049876000,2.2890,0,
294,110.225.91.4,75.101.130.100,1381,108.240290000,0.9334,1,'http://ping.chartbeat.net/ping?h=timesofindia.indiatimes.com&p=%2F&u=ld5wp8o57r0swlqb&d=timesofindia.indiatimes.com&g=10538&g0=Home%20Page&n=1&f=1&c=1.21&x=3575&y=5556&w=1544&j=30&R=1&W=0&I=0&E=15&b=11029&t=x1mxfv6iym6lpgsc&V=9&_'::108.524497000
295,110.225.91.4,54.243.145.96,424,108.265520000,2.0532,0,
296,110.225.91.4,75.101.130.100,492,108.464399000,1.8549,0,
297,110.225.91.4,54.243.145.96,1381,111.753181000,2.8807,1,'http://ping.chartbeat.net/ping?h=timesofindia.indiatimes.com&p=%2F&u=ld5wp8o57r0swlqb&d=timesofindia.indiatimes.com&g=10538&g0=Home%20Page&n=1&f=1&c=1.28&x=3575&y=5556&w=1544&j=30&R=1&W=0&I=0&E=30&b=11029&t=x1mxfv6iym6lpgsc&V=9&_'::113.269522000
298,110.225.91.4,75.101.130.100,424,111.959177000,3.6202,0,
299,110.225.91.4,54.243.145.96,1767,121.904567000,6.2497,1,'http://ping.chartbeat.net/ping?h=timesofindia.indiatimes.com&p=%2F&u=ld5wp8o57r0swlqb&d=timesofindia.indiatimes.com&g=10538&g0=Home%20Page&n=1&f=1&c=1.5&x=343&y=5556&w=1544&j=30&R=1&W=0&I=0&E=45&b=11029&t=x1mxfv6iym6lpgsc&V=9&_'::127.345459000
300,110.225.91.4,75.101.130.100,812,122.156827000,7.0467,0,
301,110.225.91.4,54.243.145.96,1380,138.121962000,3.5065,1,'http://ping.chartbeat.net/ping?h=timesofindia.indiatimes.com&p=%2F&u=ld5wp8o57r0swlqb&d=timesofindia.indiatimes.com&g=10538&g0=Home%20Page&n=1&f=1&c=1.75&x=711&y=5556&w=1544&j=30&R=1&W=0&I=0&E=60&b=11029&t=x1mxfv6iym6lpgsc&V=9&_'::140.826475000
302,110.225.91.4,75.101.130.100,424,138.291443000,4.3119,0,
